date,overnight_rate_pa,country
2000-01-01,5.84,Norway
2000-02-01,5.92,Norway
2000-03-01,5.87,Norway
2000-04-01,6.11,Norway
2000-05-01,6.2,Norway
2000-06-01,6.45,Norway
2000-07-01,6.55,Norway
2000-08-01,6.87,Norway
2000-09-01,7.08,Norway
2000-10-01,7.39,Norway
2000-11-01,7.32,Norway
2000-12-01,7.62,Norway
2001-01-01,7.37,Norway
2001-02-01,7.31,Norway
2001-03-01,7.34,Norway
2001-04-01,7.73,Norway
2001-05-01,7.36,Norway
2001-06-01,7.37,Norway
2001-07-01,7.3,Norway
2001-08-01,7.16,Norway
2001-09-01,7.3,Norway
2001-10-01,7.31,Norway
2001-11-01,7.15,Norway
2001-12-01,7.11,Norway
2002-01-01,6.7,Norway
2002-02-01,6.76,Norway
2002-03-01,6.74,Norway
2002-04-01,6.83,Norway
2002-05-01,6.78,Norway
2002-06-01,6.85,Norway
2002-07-01,7.19,Norway
2002-08-01,7.23,Norway
2002-09-01,7.21,Norway
2002-10-01,7.25,Norway
2002-11-01,7.21,Norway
2002-12-01,7.01,Norway
2003-01-01,6.59,Norway
2003-02-01,6.19,Norway
2003-03-01,5.78,Norway
2003-04-01,5.78,Norway
2003-05-01,5.35,Norway
2003-06-01,5.07,Norway
2003-07-01,4.25,Norway
2003-08-01,3.71,Norway
2003-09-01,3.11,Norway
2003-10-01,3.02,Norway
2003-11-01,2.87,Norway
2003-12-01,2.84,Norway
2004-01-01,2.52,Norway
2004-02-01,2.34,Norway
2004-03-01,2.14,Norway
2004-04-01,2.16,Norway
2004-05-01,2.14,Norway
2004-06-01,2.19,Norway
2004-07-01,2.15,Norway
2004-08-01,2.14,Norway
2004-09-01,2.07,Norway
2004-10-01,2.11,Norway
2004-11-01,2.07,Norway
2004-12-01,2.06,Norway
2005-01-01,2.02,Norway
2005-02-01,2.01,Norway
2005-03-01,2.06,Norway
2005-04-01,2.13,Norway
2005-05-01,2.08,Norway
2005-06-01,2.11,Norway
2005-07-01,2.29,Norway
2005-08-01,2.24,Norway
2005-09-01,2.31,Norway
2005-10-01,2.42,Norway
2005-11-01,2.62,Norway
2005-12-01,2.63,Norway
2006-01-01,2.55,Norway
2006-02-01,2.53,Norway
2006-03-01,2.65,Norway
2006-04-01,3.01,Norway
2006-05-01,2.96,Norway
2006-06-01,3.15,Norway
2006-07-01,3.09,Norway
2006-08-01,3.21,Norway
2006-09-01,3.32,Norway
2006-10-01,3.42,Norway
2006-11-01,3.62,Norway
2006-12-01,3.78,Norway
2007-01-01,3.92,Norway
2007-02-01,4.13,Norway
2007-03-01,4.27,Norway
2007-04-01,4.37,Norway
2007-05-01,4.37,Norway
2007-06-01,4.6,Norway
2007-07-01,4.85,Norway
2007-08-01,4.99,Norway
2007-09-01,5.15,Norway
2007-10-01,5.48,Norway
2007-11-01,5.39,Norway
2007-12-01,5.54,Norway
2008-01-01,5.58,Norway
2008-02-01,5.7,Norway
2008-03-01,5.77,Norway
2008-04-01,5.97,Norway
2008-05-01,6.14,Norway
2008-06-01,5.99,Norway
2008-07-01,6.08,Norway
2008-08-01,6.11,Norway
2008-09-01,6.26,Norway
2008-10-01,6.72,Norway
2008-11-01,5.09,Norway
2008-12-01,4.76,Norway
2009-01-01,3.48,Norway
2009-02-01,3.03,Norway
2009-03-01,2.69,Norway
2009-04-01,2.52,Norway
2009-05-01,1.87,Norway
2009-06-01,1.75,Norway
2009-07-01,1.53,Norway
2009-08-01,1.51,Norway
2009-09-01,1.47,Norway
2009-10-01,1.54,Norway
2009-11-01,1.74,Norway
2009-12-01,1.83,Norway
2010-01-01,1.95,Norway
2010-02-01,1.98,Norway
2010-03-01,1.96,Norway
2010-04-01,2.02,Norway
2010-05-01,2.09,Norway
2010-06-01,2.28,Norway
2010-07-01,2.34,Norway
2010-08-01,2.31,Norway
2010-09-01,2.3,Norway
2010-10-01,2.26,Norway
2010-11-01,2.25,Norway
2010-12-01,2.08,Norway
2011-01-01,2.17,Norway
2011-02-01,2.22,Norway
2011-03-01,2.22,Norway
2011-04-01,2.24,Norway
2011-05-01,2.44,Norway
2011-06-01,2.56,Norway
2011-07-01,2.44,Norway
2011-08-01,2.42,Norway
2011-09-01,2.69,Norway
2011-10-01,2.24,Norway
2011-11-01,2.25,Norway
2011-12-01,1.98,Norway
2012-01-01,1.73,Norway
2012-02-01,1.73,Norway
2012-03-01,1.61,Norway
2012-04-01,1.48,Norway
2012-05-01,1.49,Norway
2012-06-01,1.56,Norway
2012-07-01,1.48,Norway
2012-08-01,1.49,Norway
2012-09-01,1.49,Norway
2012-10-01,1.49,Norway
2012-11-01,1.49,Norway
2012-12-01,1.54,Norway
2013-01-01,1.48,Norway
2013-02-01,1.49,Norway
2013-03-01,1.55,Norway
2013-04-01,1.5,Norway
2013-05-01,1.5,Norway
2013-06-01,1.48,Norway
2013-07-01,1.48,Norway
2013-08-01,1.48,Norway
2013-09-01,1.5,Norway
2013-10-01,1.48,Norway
2013-11-01,1.49,Norway
2013-12-01,1.55,Norway
2014-01-01,1.48,Norway
2014-02-01,1.49,Norway
2014-03-01,1.48,Norway
2014-04-01,1.49,Norway
2014-05-01,1.49,Norway
2014-06-01,1.49,Norway
2014-07-01,1.49,Norway
2014-08-01,1.49,Norway
2014-09-01,1.5,Norway
2014-10-01,1.49,Norway
2014-11-01,1.49,Norway
2014-12-01,1.35,Norway
2015-01-01,1.24,Norway
2015-02-01,1.24,Norway
2015-03-01,1.28,Norway
2015-04-01,1.24,Norway
2015-05-01,1.25,Norway
2015-06-01,1.15,Norway
2015-07-01,0.98,Norway
2015-08-01,0.99,Norway
2015-09-01,0.94,Norway
2015-10-01,0.74,Norway
2015-11-01,0.74,Norway
2015-12-01,0.81,Norway
2016-01-01,0.74,Norway
2016-02-01,0.74,Norway
2016-03-01,0.67,Norway
2016-04-01,0.49,Norway
2016-05-01,0.49,Norway
2016-06-01,0.49,Norway
2016-07-01,0.49,Norway
2016-08-01,0.5,Norway
2016-09-01,0.57,Norway
2016-10-01,0.49,Norway
2016-11-01,0.5,Norway
2016-12-01,0.51,Norway
2017-01-01,0.49,Norway
2017-02-01,0.49,Norway
2017-03-01,0.49,Norway
2017-04-01,0.49,Norway
2017-05-01,0.49,Norway
2017-06-01,0.49,Norway
2017-07-01,0.5,Norway
2017-08-01,0.49,Norway
2017-09-01,0.51,Norway
2017-10-01,0.49,Norway
2017-11-01,0.49,Norway
2017-12-01,0.49,Norway
2018-01-01,0.49,Norway
2018-02-01,0.49,Norway
2018-03-01,0.49,Norway
2018-04-01,0.5,Norway
2018-05-01,0.49,Norway
2018-06-01,0.5,Norway
2018-07-01,0.5,Norway
2018-08-01,0.49,Norway
2018-09-01,0.59,Norway
2018-10-01,0.74,Norway
2018-11-01,0.75,Norway
2018-12-01,0.91,Norway
2019-01-01,0.74,Norway
2019-02-01,0.75,Norway
2019-03-01,0.85,Norway
2019-04-01,1.0,Norway
2019-05-01,1.0,Norway
2019-06-01,1.18,Norway
2019-07-01,1.25,Norway
2019-08-01,1.25,Norway
2019-09-01,1.35,Norway
2019-10-01,1.5,Norway
2019-11-01,1.5,Norway
2019-12-01,1.53,Norway
2020-01-01,1.49,Norway
2020-02-01,1.49,Norway
2020-03-01,0.98,Norway
2020-04-01,0.24,Norway
2020-05-01,0.05,Norway
2020-06-01,0.0,Norway
2020-07-01,0.0,Norway
2020-08-01,-0.01,Norway
2020-09-01,0.0,Norway
2020-10-01,0.0,Norway
2020-11-01,0.0,Norway
2020-12-01,0.0,Norway
2021-01-01,0.0,Norway
2021-02-01,0.0,Norway
2021-03-01,0.0,Norway
2021-04-01,0.0,Norway
2021-05-01,0.0,Norway
2021-06-01,0.0,Norway
2021-07-01,0.0,Norway
2021-08-01,0.0,Norway
2021-09-01,0.06,Norway
2021-10-01,0.25,Norway
2021-11-01,0.25,Norway
2021-12-01,0.477272727272727,Norway
2022-01-01,0.5,Norway
2022-02-01,0.5,Norway
2022-03-01,0.65625,Norway
2022-04-01,0.75,Norway
2022-05-01,0.75,Norway
2022-06-01,1.25,Norway
2022-07-01,1.25,Norway
2022-08-01,1.75,Norway
2022-09-01,2.254,Norway
2022-10-01,2.25,Norway
2022-11-01,2.5,Norway
2022-12-01,2.75,Norway
2023-01-01,2.75,Norway
2023-02-01,2.75,Norway
2023-03-01,2.88636363636364,Norway
2023-04-01,3.0,Norway
2023-05-01,3.25,Norway
2023-06-01,3.39590909090909,Norway
2023-07-01,3.75,Norway
2023-08-01,3.85869565217391,Norway
2023-09-01,4.07190476190476,Norway
2023-10-01,4.25,Norway
2023-11-01,4.25,Norway
2023-12-01,4.3684210526315805,Norway
2024-01-01,4.5,Norway
2024-02-01,4.5,Norway
2024-03-01,4.5,Norway
2024-04-01,4.5,Norway
2024-05-01,4.5,Norway
2024-06-01,4.5,Norway
2024-07-01,4.5,Norway
2024-08-01,4.5,Norway
2024-09-01,4.5,Norway
2024-10-01,4.5,Norway
2000-01-01,0.02053,Japan
2000-02-01,0.0345,Japan
2000-03-01,0.02136,Japan
2000-04-01,0.02,Japan
2000-05-01,0.021,Japan
2000-06-01,0.0209099999999999,Japan
2000-07-01,0.021,Japan
2000-08-01,0.15522,Japan
2000-09-01,0.2495,Japan
2000-10-01,0.2476199999999999,Japan
2000-11-01,0.2475,Japan
2000-12-01,0.24143,Japan
2001-01-01,0.24895,Japan
2001-02-01,0.2484199999999999,Japan
2001-03-01,0.10667,Japan
2001-04-01,0.02,Japan
2001-05-01,0.01857,Japan
2001-06-01,0.01762,Japan
2001-07-01,0.01286,Japan
2001-08-01,0.01,Japan
2001-09-01,0.00505,Japan
2001-10-01,0.00314,Japan
2001-11-01,0.00243,Japan
2001-12-01,0.0018399999999999,Japan
2002-01-01,0.0011099999999999,Japan
2002-02-01,0.001,Japan
2002-03-01,0.00205,Japan
2002-04-01,0.00148,Japan
2002-05-01,0.00138,Japan
2002-06-01,0.0014,Japan
2002-07-01,0.00178,Japan
2002-08-01,0.00186,Japan
2002-09-01,0.00526,Japan
2002-10-01,0.00191,Japan
2002-11-01,0.00195,Japan
2002-12-01,0.00195,Japan
2003-01-01,0.002,Japan
2003-02-01,0.001,Japan
2003-03-01,0.002,Japan
2003-04-01,0.001,Japan
2003-05-01,0.001,Japan
2003-06-01,0.001,Japan
2003-07-01,0.002,Japan
2003-08-01,0.001,Japan
2003-09-01,0.002,Japan
2003-10-01,0.001,Japan
2003-11-01,0.001,Japan
2003-12-01,0.001,Japan
2004-01-01,0.0,Japan
2004-02-01,0.001,Japan
2004-03-01,0.001,Japan
2004-04-01,0.0,Japan
2004-05-01,0.001,Japan
2004-06-01,0.001,Japan
2004-07-01,0.0,Japan
2004-08-01,0.001,Japan
2004-09-01,0.001,Japan
2004-10-01,0.001,Japan
2004-11-01,0.001,Japan
2004-12-01,0.001,Japan
2005-01-01,0.001,Japan
2005-02-01,0.001,Japan
2005-03-01,0.002,Japan
2005-04-01,0.001,Japan
2005-05-01,0.001,Japan
2005-06-01,0.001,Japan
2005-07-01,0.001,Japan
2005-08-01,0.001,Japan
2005-09-01,0.001,Japan
2005-10-01,0.001,Japan
2005-11-01,0.001,Japan
2005-12-01,0.001,Japan
2006-01-01,0.001,Japan
2006-02-01,0.001,Japan
2006-03-01,0.002,Japan
2006-04-01,0.002,Japan
2006-05-01,0.02,Japan
2006-06-01,0.036,Japan
2006-07-01,0.155,Japan
2006-08-01,0.25,Japan
2006-09-01,0.261,Japan
2006-10-01,0.254,Japan
2006-11-01,0.257,Japan
2006-12-01,0.255,Japan
2007-01-01,0.267,Japan
2007-02-01,0.357,Japan
2007-03-01,0.509,Japan
2007-04-01,0.511,Japan
2007-05-01,0.521,Japan
2007-06-01,0.51,Japan
2007-07-01,0.499,Japan
2007-08-01,0.485,Japan
2007-09-01,0.51,Japan
2007-10-01,0.506,Japan
2007-11-01,0.5,Japan
2007-12-01,0.497,Japan
2008-01-01,0.502,Japan
2008-02-01,0.504,Japan
2008-03-01,0.511,Japan
2008-04-01,0.506,Japan
2008-05-01,0.505,Japan
2008-06-01,0.509,Japan
2008-07-01,0.503,Japan
2008-08-01,0.504,Japan
2008-09-01,0.495,Japan
2008-10-01,0.487,Japan
2008-11-01,0.301,Japan
2008-12-01,0.211,Japan
2009-01-01,0.12,Japan
2009-02-01,0.111,Japan
2009-03-01,0.1,Japan
2009-04-01,0.104,Japan
2009-05-01,0.102,Japan
2009-06-01,0.104,Japan
2009-07-01,0.102,Japan
2009-08-01,0.106,Japan
2009-09-01,0.102,Japan
2009-10-01,0.106,Japan
2009-11-01,0.105,Japan
2009-12-01,0.1009999999999999,Japan
2010-01-01,0.096,Japan
2010-02-01,0.1009999999999999,Japan
2010-03-01,0.0969999999999999,Japan
2010-04-01,0.093,Japan
2010-05-01,0.091,Japan
2010-06-01,0.095,Japan
2010-07-01,0.094,Japan
2010-08-01,0.095,Japan
2010-09-01,0.091,Japan
2010-10-01,0.091,Japan
2010-11-01,0.091,Japan
2010-12-01,0.087,Japan
2011-01-01,0.085,Japan
2011-02-01,0.093,Japan
2011-03-01,0.085,Japan
2011-04-01,0.062,Japan
2011-05-01,0.069,Japan
2011-06-01,0.069,Japan
2011-07-01,0.073,Japan
2011-08-01,0.081,Japan
2011-09-01,0.08,Japan
2011-10-01,0.081,Japan
2011-11-01,0.077,Japan
2011-12-01,0.078,Japan
2012-01-01,0.08,Japan
2012-02-01,0.085,Japan
2012-03-01,0.084,Japan
2012-04-01,0.075,Japan
2012-05-01,0.084,Japan
2012-06-01,0.076,Japan
2012-07-01,0.084,Japan
2012-08-01,0.086,Japan
2012-09-01,0.085,Japan
2012-10-01,0.085,Japan
2012-11-01,0.086,Japan
2012-12-01,0.0819999999999999,Japan
2013-01-01,0.083,Japan
2013-02-01,0.08,Japan
2013-03-01,0.08,Japan
2013-04-01,0.07,Japan
2013-05-01,0.07,Japan
2013-06-01,0.07,Japan
2013-07-01,0.07,Japan
2013-08-01,0.07,Japan
2013-09-01,0.07,Japan
2013-10-01,0.07,Japan
2013-11-01,0.07,Japan
2013-12-01,0.07,Japan
2014-01-01,0.07,Japan
2014-02-01,0.08,Japan
2014-03-01,0.07,Japan
2014-04-01,0.06,Japan
2014-05-01,0.07,Japan
2014-06-01,0.07,Japan
2014-07-01,0.07,Japan
2014-08-01,0.07,Japan
2014-09-01,0.07,Japan
2014-10-01,0.06,Japan
2014-11-01,0.06,Japan
2014-12-01,0.07,Japan
2015-01-01,0.07,Japan
2015-02-01,0.08,Japan
2015-03-01,0.07,Japan
2015-04-01,0.06,Japan
2015-05-01,0.07,Japan
2015-06-01,0.07,Japan
2015-07-01,0.07,Japan
2015-08-01,0.08,Japan
2015-09-01,0.07,Japan
2015-10-01,0.08,Japan
2015-11-01,0.08,Japan
2015-12-01,0.07,Japan
2016-01-01,0.07,Japan
2016-02-01,0.03,Japan
2016-03-01,-0.003,Japan
2016-04-01,-0.036,Japan
2016-05-01,-0.059,Japan
2016-06-01,-0.055,Japan
2016-07-01,-0.043,Japan
2016-08-01,-0.043,Japan
2016-09-01,-0.052,Japan
2016-10-01,-0.037,Japan
2016-11-01,-0.049,Japan
2016-12-01,-0.044,Japan
2017-01-01,-0.045,Japan
2017-02-01,-0.038,Japan
2017-03-01,-0.042,Japan
2017-04-01,-0.054,Japan
2017-05-01,-0.053,Japan
2017-06-01,-0.0559999999999999,Japan
2017-07-01,-0.054,Japan
2017-08-01,-0.049,Japan
2017-09-01,-0.0579999999999999,Japan
2017-10-01,-0.037,Japan
2017-11-01,-0.048,Japan
2017-12-01,-0.042,Japan
2018-01-01,-0.04,Japan
2018-02-01,-0.042,Japan
2018-03-01,-0.062,Japan
2018-04-01,-0.063,Japan
2018-05-01,-0.061,Japan
2018-06-01,-0.071,Japan
2018-07-01,-0.07,Japan
2018-08-01,-0.059,Japan
2018-09-01,-0.0579999999999999,Japan
2018-10-01,-0.06,Japan
2018-11-01,-0.071,Japan
2018-12-01,-0.068,Japan
2019-01-01,-0.064,Japan
2019-02-01,-0.055,Japan
2019-03-01,-0.0409999999999999,Japan
2019-04-01,-0.067,Japan
2019-05-01,-0.049,Japan
2019-06-01,-0.062,Japan
2019-07-01,-0.071,Japan
2019-08-01,-0.045,Japan
2019-09-01,-0.059,Japan
2019-10-01,-0.021,Japan
2019-11-01,-0.043,Japan
2019-12-01,-0.038,Japan
2020-01-01,-0.032,Japan
2020-02-01,-0.016,Japan
2020-03-01,-0.047,Japan
2020-04-01,-0.036,Japan
2020-05-01,-0.047,Japan
2020-06-01,-0.048,Japan
2020-07-01,-0.0279999999999999,Japan
2020-08-01,-0.035,Japan
2020-09-01,-0.054,Japan
2020-10-01,-0.02,Japan
2020-11-01,-0.032,Japan
2020-12-01,-0.026,Japan
2021-01-01,-0.017,Japan
2021-02-01,-0.016,Japan
2021-03-01,-0.017,Japan
2021-04-01,-0.012,Japan
2021-05-01,-0.017,Japan
2021-06-01,-0.0289999999999999,Japan
2021-07-01,-0.036,Japan
2021-08-01,-0.034,Japan
2021-09-01,-0.022,Japan
2021-10-01,-0.027,Japan
2021-11-01,-0.039,Japan
2021-12-01,-0.026,Japan
2022-01-01,-0.02,Japan
2022-02-01,-0.018,Japan
2022-03-01,-0.008,Japan
2022-04-01,-0.012,Japan
2022-05-01,-0.018,Japan
2022-06-01,-0.038,Japan
2022-07-01,-0.012,Japan
2022-08-01,-0.018,Japan
2022-09-01,-0.049,Japan
2022-10-01,-0.05,Japan
2022-11-01,-0.067,Japan
2022-12-01,-0.07,Japan
2023-01-01,-0.02,Japan
2023-02-01,-0.019,Japan
2023-03-01,-0.017,Japan
2023-04-01,-0.015,Japan
2023-05-01,-0.051,Japan
2023-06-01,-0.066,Japan
2023-07-01,-0.046,Japan
2023-08-01,-0.064,Japan
2023-09-01,-0.054,Japan
2023-10-01,-0.02,Japan
2023-11-01,-0.015,Japan
2023-12-01,-0.012,Japan
2024-01-01,-0.0139999999999999,Japan
2024-02-01,-0.006,Japan
2024-03-01,0.022,Japan
2024-04-01,0.077,Japan
2024-05-01,0.077,Japan
2024-06-01,0.077,Japan
2024-07-01,0.078,Japan
2024-08-01,0.2269999999999999,Japan
2024-09-01,0.2269999999999999,Japan
2024-10-01,0.2269999999999999,Japan
2000-01-01,5.3527,UK
2000-02-01,5.8408,UK
2000-03-01,5.7620000000000005,UK
2000-04-01,5.9347,UK
2000-05-01,5.9122,UK
2000-06-01,5.9032,UK
2000-07-01,5.9867,UK
2000-08-01,5.8846,UK
2000-09-01,6.1259,UK
2000-10-01,5.8135,UK
2000-11-01,5.9811,UK
2000-12-01,5.7383,UK
2001-01-01,5.9208,UK
2001-02-01,5.8447,UK
2001-03-01,5.4017,UK
2001-04-01,5.3159,UK
2001-05-01,5.5203,UK
2001-06-01,4.7796,UK
2001-07-01,5.2943,UK
2001-08-01,4.8046,UK
2001-09-01,4.8526,UK
2001-10-01,4.5973,UK
2001-11-01,3.5761,UK
2001-12-01,4.5841,UK
2002-01-01,3.7685,UK
2002-02-01,4.0574,UK
2002-03-01,4.0431,UK
2002-04-01,3.752,UK
2002-05-01,3.9273,UK
2002-06-01,3.5006,UK
2002-07-01,3.861,UK
2002-08-01,4.1371,UK
2002-09-01,3.8711,UK
2002-10-01,4.0884,UK
2002-11-01,3.6521,UK
2002-12-01,4.3953,UK
2003-01-01,3.8044,UK
2003-02-01,3.7243,UK
2003-03-01,3.9196,UK
2003-04-01,3.619,UK
2003-05-01,3.6875,UK
2003-06-01,3.6535,UK
2003-07-01,3.2923,UK
2003-08-01,3.5053,UK
2003-09-01,3.5179,UK
2003-10-01,3.355,UK
2003-11-01,3.5483,UK
2003-12-01,3.7778,UK
2004-01-01,3.7159,UK
2004-02-01,4.0873,UK
2004-03-01,3.904,UK
2004-04-01,3.8914,UK
2004-05-01,4.203,UK
2004-06-01,4.3628,UK
2004-07-01,4.4623,UK
2004-08-01,4.63,UK
2004-09-01,4.7314,UK
2004-10-01,4.7297,UK
2004-11-01,4.7408,UK
2004-12-01,4.7618,UK
2005-01-01,4.7599,UK
2005-02-01,4.816,UK
2005-03-01,4.7618,UK
2005-04-01,4.8125,UK
2005-05-01,4.7079,UK
2005-06-01,4.7935,UK
2005-07-01,4.7546,UK
2005-08-01,4.5775,UK
2005-09-01,4.5499,UK
2005-10-01,4.4246,UK
2005-11-01,4.5458,UK
2005-12-01,4.6381,UK
2006-01-01,4.4829,UK
2006-02-01,4.4255,UK
2006-03-01,4.5402,UK
2006-04-01,4.4928,UK
2006-05-01,4.5093,UK
2006-06-01,4.5712,UK
2006-07-01,4.5459,UK
2006-08-01,4.8026,UK
2006-09-01,4.7892,UK
2006-10-01,4.8255,UK
2006-11-01,4.9968,UK
2006-12-01,5.0844,UK
2007-01-01,5.2231,UK
2007-02-01,5.3183,UK
2007-03-01,5.3032,UK
2007-04-01,5.2915,UK
2007-05-01,5.4778,UK
2007-06-01,5.6093,UK
2007-07-01,5.8434,UK
2007-08-01,5.9127,UK
2007-09-01,5.8246,UK
2007-10-01,5.7751,UK
2007-11-01,5.7892,UK
2007-12-01,5.5964,UK
2008-01-01,5.5049,UK
2008-02-01,5.3322,UK
2008-03-01,5.3078,UK
2008-04-01,5.08,UK
2008-05-01,5.0314,UK
2008-06-01,5.0326,UK
2008-07-01,5.0099,UK
2008-08-01,4.997,UK
2008-09-01,4.8925,UK
2008-10-01,4.4115,UK
2008-11-01,2.7846,UK
2008-12-01,1.6525,UK
2009-01-01,1.3259999999999998,UK
2009-02-01,0.8973,UK
2009-03-01,0.5224,UK
2009-04-01,0.4099,UK
2009-05-01,0.4133,UK
2009-06-01,0.4158,UK
2009-07-01,0.4173,UK
2009-08-01,0.422,UK
2009-09-01,0.4302,UK
2009-10-01,0.4472,UK
2009-11-01,0.4509,UK
2009-12-01,0.4492,UK
2010-01-01,0.4545,UK
2010-02-01,0.4672,UK
2010-03-01,0.4713,UK
2010-04-01,0.4726,UK
2010-05-01,0.4842,UK
2010-06-01,0.487,UK
2010-07-01,0.49,UK
2010-08-01,0.491,UK
2010-09-01,0.501,UK
2010-10-01,0.5083,UK
2010-11-01,0.5086,UK
2010-12-01,0.5173,UK
2011-01-01,0.5059,UK
2011-02-01,0.5084,UK
2011-03-01,0.5154,UK
2011-04-01,0.524,UK
2011-05-01,0.5217,UK
2011-06-01,0.5311,UK
2011-07-01,0.5228,UK
2011-08-01,0.5379999999999999,UK
2011-09-01,0.5486,UK
2011-10-01,0.5358,UK
2011-11-01,0.5347,UK
2011-12-01,0.5201,UK
2012-01-01,0.5157,UK
2012-02-01,0.4993,UK
2012-03-01,0.49,UK
2012-04-01,0.4861,UK
2012-05-01,0.4848,UK
2012-06-01,0.4859,UK
2012-07-01,0.4646,UK
2012-08-01,0.45,UK
2012-09-01,0.4271,UK
2012-10-01,0.4334,UK
2012-11-01,0.4256,UK
2012-12-01,0.4309,UK
2013-01-01,0.4097,UK
2013-02-01,0.4261,UK
2013-03-01,0.4353,UK
2013-04-01,0.4396,UK
2013-05-01,0.4336,UK
2013-06-01,0.4252,UK
2013-07-01,0.4301,UK
2013-08-01,0.427,UK
2013-09-01,0.4299,UK
2013-10-01,0.4313,UK
2013-11-01,0.43,UK
2013-12-01,0.4215,UK
2014-01-01,0.4287,UK
2014-02-01,0.4197,UK
2014-03-01,0.4159,UK
2014-04-01,0.422,UK
2014-05-01,0.4233,UK
2014-06-01,0.4251,UK
2014-07-01,0.4283,UK
2014-08-01,0.4228,UK
2014-09-01,0.4319,UK
2014-10-01,0.4308,UK
2014-11-01,0.4325,UK
2014-12-01,0.428,UK
2015-01-01,0.4355,UK
2015-02-01,0.4511,UK
2015-03-01,0.4568,UK
2015-04-01,0.4574,UK
2015-05-01,0.462,UK
2015-06-01,0.4566,UK
2015-07-01,0.4549,UK
2015-08-01,0.4589999999999999,UK
2015-09-01,0.4544,UK
2015-10-01,0.4622,UK
2015-11-01,0.4636,UK
2015-12-01,0.4575,UK
2016-01-01,0.4659,UK
2016-02-01,0.4657,UK
2016-03-01,0.4646,UK
2016-04-01,0.4663,UK
2016-05-01,0.4633,UK
2016-06-01,0.4598,UK
2016-07-01,0.4577,UK
2016-08-01,0.2478,UK
2016-09-01,0.213,UK
2016-10-01,0.212,UK
2016-11-01,0.2108,UK
2016-12-01,0.2125,UK
2017-01-01,0.2135,UK
2017-02-01,0.2106,UK
2017-03-01,0.2095,UK
2017-04-01,0.2114,UK
2017-05-01,0.2126,UK
2017-06-01,0.2121,UK
2017-07-01,0.2124,UK
2017-08-01,0.2132,UK
2017-09-01,0.2123,UK
2017-10-01,0.211,UK
2017-11-01,0.4493,UK
2017-12-01,0.4619,UK
2018-01-01,0.4631,UK
2018-02-01,0.4634,UK
2018-03-01,0.4637,UK
2018-04-01,0.4617,UK
2018-05-01,0.4529,UK
2018-06-01,0.4507,UK
2018-07-01,0.4545,UK
2018-08-01,0.6911,UK
2018-09-01,0.7012,UK
2018-10-01,0.7011,UK
2018-11-01,0.7017,UK
2018-12-01,0.7026,UK
2019-01-01,0.7053,UK
2019-02-01,0.7061,UK
2019-03-01,0.7053,UK
2019-04-01,0.7081,UK
2019-05-01,0.7094,UK
2019-06-01,0.7085,UK
2019-07-01,0.7090000000000001,UK
2019-08-01,0.7101,UK
2019-09-01,0.7098,UK
2019-10-01,0.7108,UK
2019-11-01,0.7105,UK
2019-12-01,0.7101,UK
2020-01-01,0.7113,UK
2020-02-01,0.7104,UK
2020-03-01,0.3192,UK
2020-04-01,0.0659,UK
2020-05-01,0.0674,UK
2020-06-01,0.0646,UK
2020-07-01,0.0599,UK
2020-08-01,0.0562,UK
2020-09-01,0.0547,UK
2020-10-01,0.0538,UK
2020-11-01,0.0537,UK
2020-12-01,0.0492,UK
2021-01-01,0.0494,UK
2021-02-01,0.0486,UK
2021-03-01,0.0486,UK
2021-04-01,0.0486,UK
2021-05-01,0.0495,UK
2021-06-01,0.0498,UK
2021-07-01,0.0506,UK
2021-08-01,0.0504,UK
2021-09-01,0.05,UK
2021-10-01,0.0502,UK
2021-11-01,0.0468,UK
2021-12-01,0.1141,UK
2022-01-01,0.1958,UK
2022-02-01,0.4199,UK
2022-03-01,0.5623,UK
2022-04-01,0.6906,UK
2022-05-01,0.9158,UK
2022-06-01,1.0767,UK
2022-07-01,1.1908,UK
2022-08-01,1.622,UK
2022-09-01,1.8569,UK
2022-10-01,2.1857,UK
2022-11-01,2.8599,UK
2022-12-01,3.1779,UK
2023-01-01,3.4275,UK
2023-02-01,3.9021,UK
2023-03-01,4.0031,UK
2023-04-01,4.1774,UK
2023-05-01,4.3528,UK
2023-06-01,4.5872,UK
2023-07-01,4.9302,UK
2023-08-01,5.1609,UK
2023-09-01,5.1854,UK
2023-10-01,5.1871,UK
2023-11-01,5.1875,UK
2023-12-01,5.187,UK
2024-01-01,5.1875,UK
2024-02-01,5.1883,UK
2024-03-01,5.1891,UK
2024-04-01,5.1979,UK
2024-05-01,5.2,UK
2024-06-01,5.2,UK
2024-07-01,5.2,UK
2024-08-01,4.95,UK
2024-09-01,4.95,UK
2024-10-01,4.95,UK
2000-01-01,5.45,United States
2000-02-01,5.73,United States
2000-03-01,5.85,United States
2000-04-01,6.02,United States
2000-05-01,6.27,United States
2000-06-01,6.53,United States
2000-07-01,6.54,United States
2000-08-01,6.5,United States
2000-09-01,6.52,United States
2000-10-01,6.51,United States
2000-11-01,6.51,United States
2000-12-01,6.4,United States
2001-01-01,5.98,United States
2001-02-01,5.49,United States
2001-03-01,5.31,United States
2001-04-01,4.8,United States
2001-05-01,4.21,United States
2001-06-01,3.97,United States
2001-07-01,3.77,United States
2001-08-01,3.65,United States
2001-09-01,3.07,United States
2001-10-01,2.49,United States
2001-11-01,2.09,United States
2001-12-01,1.82,United States
2002-01-01,1.73,United States
2002-02-01,1.74,United States
2002-03-01,1.73,United States
2002-04-01,1.75,United States
2002-05-01,1.75,United States
2002-06-01,1.75,United States
2002-07-01,1.73,United States
2002-08-01,1.74,United States
2002-09-01,1.75,United States
2002-10-01,1.75,United States
2002-11-01,1.34,United States
2002-12-01,1.24,United States
2003-01-01,1.24,United States
2003-02-01,1.26,United States
2003-03-01,1.25,United States
2003-04-01,1.26,United States
2003-05-01,1.26,United States
2003-06-01,1.22,United States
2003-07-01,1.01,United States
2003-08-01,1.03,United States
2003-09-01,1.01,United States
2003-10-01,1.01,United States
2003-11-01,1.0,United States
2003-12-01,0.98,United States
2004-01-01,1.0,United States
2004-02-01,1.01,United States
2004-03-01,1.0,United States
2004-04-01,1.0,United States
2004-05-01,1.0,United States
2004-06-01,1.03,United States
2004-07-01,1.26,United States
2004-08-01,1.43,United States
2004-09-01,1.61,United States
2004-10-01,1.76,United States
2004-11-01,1.93,United States
2004-12-01,2.16,United States
2005-01-01,2.28,United States
2005-02-01,2.5,United States
2005-03-01,2.63,United States
2005-04-01,2.79,United States
2005-05-01,3.0,United States
2005-06-01,3.04,United States
2005-07-01,3.26,United States
2005-08-01,3.5,United States
2005-09-01,3.62,United States
2005-10-01,3.78,United States
2005-11-01,4.0,United States
2005-12-01,4.16,United States
2006-01-01,4.29,United States
2006-02-01,4.49,United States
2006-03-01,4.59,United States
2006-04-01,4.79,United States
2006-05-01,4.94,United States
2006-06-01,4.99,United States
2006-07-01,5.24,United States
2006-08-01,5.25,United States
2006-09-01,5.25,United States
2006-10-01,5.25,United States
2006-11-01,5.25,United States
2006-12-01,5.24,United States
2007-01-01,5.25,United States
2007-02-01,5.26,United States
2007-03-01,5.26,United States
2007-04-01,5.25,United States
2007-05-01,5.25,United States
2007-06-01,5.25,United States
2007-07-01,5.26,United States
2007-08-01,5.02,United States
2007-09-01,4.94,United States
2007-10-01,4.76,United States
2007-11-01,4.49,United States
2007-12-01,4.24,United States
2008-01-01,3.94,United States
2008-02-01,2.98,United States
2008-03-01,2.61,United States
2008-04-01,2.28,United States
2008-05-01,1.98,United States
2008-06-01,2.0,United States
2008-07-01,2.01,United States
2008-08-01,2.0,United States
2008-09-01,1.81,United States
2008-10-01,0.97,United States
2008-11-01,0.39,United States
2008-12-01,0.16,United States
2009-01-01,0.15,United States
2009-02-01,0.22,United States
2009-03-01,0.18,United States
2009-04-01,0.15,United States
2009-05-01,0.18,United States
2009-06-01,0.21,United States
2009-07-01,0.16,United States
2009-08-01,0.16,United States
2009-09-01,0.15,United States
2009-10-01,0.12,United States
2009-11-01,0.12,United States
2009-12-01,0.12,United States
2010-01-01,0.11,United States
2010-02-01,0.13,United States
2010-03-01,0.16,United States
2010-04-01,0.2,United States
2010-05-01,0.2,United States
2010-06-01,0.18,United States
2010-07-01,0.18,United States
2010-08-01,0.19,United States
2010-09-01,0.19,United States
2010-10-01,0.19,United States
2010-11-01,0.19,United States
2010-12-01,0.18,United States
2011-01-01,0.17,United States
2011-02-01,0.16,United States
2011-03-01,0.14,United States
2011-04-01,0.1,United States
2011-05-01,0.09,United States
2011-06-01,0.09,United States
2011-07-01,0.07,United States
2011-08-01,0.1,United States
2011-09-01,0.08,United States
2011-10-01,0.07,United States
2011-11-01,0.08,United States
2011-12-01,0.07,United States
2012-01-01,0.08,United States
2012-02-01,0.1,United States
2012-03-01,0.13,United States
2012-04-01,0.14,United States
2012-05-01,0.16,United States
2012-06-01,0.16,United States
2012-07-01,0.16,United States
2012-08-01,0.13,United States
2012-09-01,0.14,United States
2012-10-01,0.16,United States
2012-11-01,0.16,United States
2012-12-01,0.16,United States
2013-01-01,0.14,United States
2013-02-01,0.15,United States
2013-03-01,0.14,United States
2013-04-01,0.15,United States
2013-05-01,0.11,United States
2013-06-01,0.09,United States
2013-07-01,0.09,United States
2013-08-01,0.08,United States
2013-09-01,0.08,United States
2013-10-01,0.09,United States
2013-11-01,0.08,United States
2013-12-01,0.09,United States
2014-01-01,0.07,United States
2014-02-01,0.07,United States
2014-03-01,0.08,United States
2014-04-01,0.09,United States
2014-05-01,0.09,United States
2014-06-01,0.1,United States
2014-07-01,0.09,United States
2014-08-01,0.09,United States
2014-09-01,0.09,United States
2014-10-01,0.09,United States
2014-11-01,0.09,United States
2014-12-01,0.12,United States
2015-01-01,0.11,United States
2015-02-01,0.11,United States
2015-03-01,0.11,United States
2015-04-01,0.12,United States
2015-05-01,0.12,United States
2015-06-01,0.13,United States
2015-07-01,0.13,United States
2015-08-01,0.14,United States
2015-09-01,0.14,United States
2015-10-01,0.12,United States
2015-11-01,0.12,United States
2015-12-01,0.24,United States
2016-01-01,0.34,United States
2016-02-01,0.38,United States
2016-03-01,0.36,United States
2016-04-01,0.37,United States
2016-05-01,0.37,United States
2016-06-01,0.38,United States
2016-07-01,0.39,United States
2016-08-01,0.4,United States
2016-09-01,0.4,United States
2016-10-01,0.4,United States
2016-11-01,0.41,United States
2016-12-01,0.54,United States
2017-01-01,0.65,United States
2017-02-01,0.66,United States
2017-03-01,0.79,United States
2017-04-01,0.9,United States
2017-05-01,0.91,United States
2017-06-01,1.04,United States
2017-07-01,1.15,United States
2017-08-01,1.16,United States
2017-09-01,1.15,United States
2017-10-01,1.15,United States
2017-11-01,1.16,United States
2017-12-01,1.3,United States
2018-01-01,1.41,United States
2018-02-01,1.42,United States
2018-03-01,1.51,United States
2018-04-01,1.69,United States
2018-05-01,1.7,United States
2018-06-01,1.82,United States
2018-07-01,1.91,United States
2018-08-01,1.91,United States
2018-09-01,1.95,United States
2018-10-01,2.19,United States
2018-11-01,2.2,United States
2018-12-01,2.27,United States
2019-01-01,2.4,United States
2019-02-01,2.4,United States
2019-03-01,2.41,United States
2019-04-01,2.42,United States
2019-05-01,2.39,United States
2019-06-01,2.38,United States
2019-07-01,2.4,United States
2019-08-01,2.13,United States
2019-09-01,2.04,United States
2019-10-01,1.83,United States
2019-11-01,1.55,United States
2019-12-01,1.55,United States
2020-01-01,1.55,United States
2020-02-01,1.58,United States
2020-03-01,0.65,United States
2020-04-01,0.05,United States
2020-05-01,0.05,United States
2020-06-01,0.08,United States
2020-07-01,0.09,United States
2020-08-01,0.1,United States
2020-09-01,0.09,United States
2020-10-01,0.09,United States
2020-11-01,0.09,United States
2020-12-01,0.09,United States
2021-01-01,0.09,United States
2021-02-01,0.08,United States
2021-03-01,0.07,United States
2021-04-01,0.07,United States
2021-05-01,0.06,United States
2021-06-01,0.08,United States
2021-07-01,0.1,United States
2021-08-01,0.09,United States
2021-09-01,0.08,United States
2021-10-01,0.08,United States
2021-11-01,0.08,United States
2021-12-01,0.08,United States
2022-01-01,0.08,United States
2022-02-01,0.08,United States
2022-03-01,0.2,United States
2022-04-01,0.33,United States
2022-05-01,0.77,United States
2022-06-01,1.21,United States
2022-07-01,1.68,United States
2022-08-01,2.33,United States
2022-09-01,2.56,United States
2022-10-01,3.08,United States
2022-11-01,3.78,United States
2022-12-01,4.1,United States
2023-01-01,4.33,United States
2023-02-01,4.57,United States
2023-03-01,4.65,United States
2023-04-01,4.83,United States
2023-05-01,5.06,United States
2023-06-01,5.08,United States
2023-07-01,5.12,United States
2023-08-01,5.33,United States
2023-09-01,5.33,United States
2023-10-01,5.33,United States
2023-11-01,5.33,United States
2023-12-01,5.33,United States
2024-01-01,5.33,United States
2024-02-01,5.33,United States
2024-03-01,5.33,United States
2024-04-01,5.33,United States
2024-05-01,5.33,United States
2024-06-01,5.33,United States
2024-07-01,5.33,United States
2024-08-01,5.33,United States
2024-09-01,5.13,United States
2024-10-01,4.83,United States
2000-01-01,3.0429,Germany
2000-02-01,3.2757,Germany
2000-03-01,3.5104,Germany
2000-04-01,3.685,Germany
2000-05-01,3.92,Germany
2000-06-01,4.2945,Germany
2000-07-01,4.3086,Germany
2000-08-01,4.4191,Germany
2000-09-01,4.5905,Germany
2000-10-01,4.7627,Germany
2000-11-01,4.8291,Germany
2000-12-01,4.8268,Germany
2001-01-01,4.7559,Germany
2001-02-01,4.9925,Germany
2001-03-01,4.7814,Germany
2001-04-01,5.0642,Germany
2001-05-01,4.6536,Germany
2001-06-01,4.5395,Germany
2001-07-01,4.5055,Germany
2001-08-01,4.4913,Germany
2001-09-01,3.9865,Germany
2001-10-01,3.9713,Germany
2001-11-01,3.5073,Germany
2001-12-01,3.3389,Germany
2002-01-01,3.2936,Germany
2002-02-01,3.283,Germany
2002-03-01,3.264,Germany
2002-04-01,3.3162,Germany
2002-05-01,3.31,Germany
2002-06-01,3.3485,Germany
2002-07-01,3.3017,Germany
2002-08-01,3.2927,Germany
2002-09-01,3.3186,Germany
2002-10-01,3.3004,Germany
2002-11-01,3.3043,Germany
2002-12-01,3.0945,Germany
2003-01-01,2.7868,Germany
2003-02-01,2.7635,Germany
2003-03-01,2.749,Germany
2003-04-01,2.5605,Germany
2003-05-01,2.5571,Germany
2003-06-01,2.2133,Germany
2003-07-01,2.0783,Germany
2003-08-01,2.0981,Germany
2003-09-01,2.0209,Germany
2003-10-01,2.0148,Germany
2003-11-01,1.973,Germany
2003-12-01,2.0567,Germany
2004-01-01,2.0214,Germany
2004-02-01,2.0315,Germany
2004-03-01,2.0057,Germany
2004-04-01,2.0780000000000003,Germany
2004-05-01,2.0152,Germany
2004-06-01,2.0277,Germany
2004-07-01,2.0677,Germany
2004-08-01,2.0405,Germany
2004-09-01,2.0518,Germany
2004-10-01,2.1114,Germany
2004-11-01,2.085,Germany
2004-12-01,2.0535,Germany
2005-01-01,2.0771,Germany
2005-02-01,2.0585,Germany
2005-03-01,2.0567,Germany
2005-04-01,2.0757,Germany
2005-05-01,2.07,Germany
2005-06-01,2.0623,Germany
2005-07-01,2.0729,Germany
2005-08-01,2.0609,Germany
2005-09-01,2.0941,Germany
2005-10-01,2.0671,Germany
2005-11-01,2.0859,Germany
2005-12-01,2.2757,Germany
2006-01-01,2.3264,Germany
2006-02-01,2.3495,Germany
2006-03-01,2.52,Germany
2006-04-01,2.6283,Germany
2006-05-01,2.5768,Germany
2006-06-01,2.6977,Germany
2006-07-01,2.8138,Germany
2006-08-01,2.9683,Germany
2006-09-01,3.0410000000000004,Germany
2006-10-01,3.2782,Germany
2006-11-01,3.3277,Germany
2006-12-01,3.5011,Germany
2007-01-01,3.5632,Germany
2007-02-01,3.5695,Germany
2007-03-01,3.6909,Germany
2007-04-01,3.8195,Germany
2007-05-01,3.7905,Germany
2007-06-01,3.9557,Germany
2007-07-01,4.0632,Germany
2007-08-01,4.0474,Germany
2007-09-01,4.0286,Germany
2007-10-01,3.9414,Germany
2007-11-01,4.0221,Germany
2007-12-01,3.8791,Germany
2008-01-01,4.0218,Germany
2008-02-01,4.0279,Germany
2008-03-01,4.091,Germany
2008-04-01,3.9868,Germany
2008-05-01,4.0097,Germany
2008-06-01,4.0067,Germany
2008-07-01,4.1908,Germany
2008-08-01,4.2989,Germany
2008-09-01,4.2733,Germany
2008-10-01,3.8198,Germany
2008-11-01,3.1502,Germany
2008-12-01,2.4864,Germany
2009-01-01,1.8122,Germany
2009-02-01,1.2571,Germany
2009-03-01,1.062,Germany
2009-04-01,0.8419,Germany
2009-05-01,0.7821,Germany
2009-06-01,0.698,Germany
2009-07-01,0.3576,Germany
2009-08-01,0.3475,Germany
2009-09-01,0.3632,Germany
2009-10-01,0.3587,Germany
2009-11-01,0.3624,Germany
2009-12-01,0.3546,Germany
2010-01-01,0.344,Germany
2010-02-01,0.3406,Germany
2010-03-01,0.3477,Germany
2010-04-01,0.3533,Germany
2010-05-01,0.3439,Germany
2010-06-01,0.3543,Germany
2010-07-01,0.4811,Germany
2010-08-01,0.4256,Germany
2010-09-01,0.4536,Germany
2010-10-01,0.7013,Germany
2010-11-01,0.5926,Germany
2010-12-01,0.4981,Germany
2011-01-01,0.659,Germany
2011-02-01,0.7071,Germany
2011-03-01,0.6587,Germany
2011-04-01,0.9661,Germany
2011-05-01,1.0334,Germany
2011-06-01,1.124,Germany
2011-07-01,1.0118,Germany
2011-08-01,0.9058,Germany
2011-09-01,1.0055,Germany
2011-10-01,0.9596,Germany
2011-11-01,0.79,Germany
2011-12-01,0.627,Germany
2012-01-01,0.38,Germany
2012-02-01,0.3656,Germany
2012-03-01,0.3567,Germany
2012-04-01,0.3451,Germany
2012-05-01,0.337,Germany
2012-06-01,0.332,Germany
2012-07-01,0.1842,Germany
2012-08-01,0.1101,Germany
2012-09-01,0.0993,Germany
2012-10-01,0.0907,Germany
2012-11-01,0.0785,Germany
2012-12-01,0.0734,Germany
2013-01-01,0.069,Germany
2013-02-01,0.0677,Germany
2013-03-01,0.067,Germany
2013-04-01,0.081,Germany
2013-05-01,0.0787,Germany
2013-06-01,0.0862,Germany
2013-07-01,0.0931,Germany
2013-08-01,0.0819999999999999,Germany
2013-09-01,0.0803,Germany
2013-10-01,0.0933,Germany
2013-11-01,0.1031,Germany
2013-12-01,0.1686,Germany
2014-01-01,0.1961,Germany
2014-02-01,0.1567,Germany
2014-03-01,0.1919,Germany
2014-04-01,0.2539,Germany
2014-05-01,0.248,Germany
2014-06-01,0.0758,Germany
2014-07-01,0.0433,Germany
2014-08-01,0.0179,Germany
2014-09-01,0.0066,Germany
2014-10-01,-0.0045,Germany
2014-11-01,-0.0116,Germany
2014-12-01,-0.0301,Germany
2015-01-01,-0.0506,Germany
2015-02-01,-0.036,Germany
2015-03-01,-0.0504,Germany
2015-04-01,-0.0745,Germany
2015-05-01,-0.1058,Germany
2015-06-01,-0.1185,Germany
2015-07-01,-0.1177,Germany
2015-08-01,-0.1213,Germany
2015-09-01,-0.1357,Germany
2015-10-01,-0.1389,Germany
2015-11-01,-0.1347,Germany
2015-12-01,-0.1989999999999999,Germany
2016-01-01,-0.2387,Germany
2016-02-01,-0.2404,Germany
2016-03-01,-0.2877,Germany
2016-04-01,-0.3378,Germany
2016-05-01,-0.3379999999999999,Germany
2016-06-01,-0.3325,Germany
2016-07-01,-0.3288,Germany
2016-08-01,-0.3388,Germany
2016-09-01,-0.3429999999999999,Germany
2016-10-01,-0.3466,Germany
2016-11-01,-0.3487,Germany
2016-12-01,-0.3504,Germany
2017-01-01,-0.3515,Germany
2017-02-01,-0.3528,Germany
2017-03-01,-0.3535,Germany
2017-04-01,-0.3569,Germany
2017-05-01,-0.3589,Germany
2017-06-01,-0.3587,Germany
2017-07-01,-0.3595,Germany
2017-08-01,-0.3558,Germany
2017-09-01,-0.3581,Germany
2017-10-01,-0.359,Germany
2017-11-01,-0.3492,Germany
2017-12-01,-0.3423,Germany
2018-01-01,-0.3624,Germany
2018-02-01,-0.3647,Germany
2018-03-01,-0.3639,Germany
2018-04-01,-0.3657,Germany
2018-05-01,-0.3625,Germany
2018-06-01,-0.3618,Germany
2018-07-01,-0.3636,Germany
2018-08-01,-0.3591,Germany
2018-09-01,-0.3627,Germany
2018-10-01,-0.366,Germany
2018-11-01,-0.3613,Germany
2018-12-01,-0.3605,Germany
2019-01-01,-0.367,Germany
2019-02-01,-0.367,Germany
2019-03-01,-0.3679,Germany
2019-04-01,-0.367,Germany
2019-05-01,-0.3666,Germany
2019-06-01,-0.3616,Germany
2019-07-01,-0.3668,Germany
2019-08-01,-0.3612,Germany
2019-09-01,-0.4032,Germany
2019-10-01,-0.549597777777778,Germany
2019-11-01,-0.53915,Germany
2019-12-01,-0.540201,Germany
2020-01-01,-0.5374213636363641,Germany
2020-02-01,-0.5382235,Germany
2020-03-01,-0.535628636363636,Germany
2020-04-01,-0.5354685,Germany
2020-05-01,-0.540192,Germany
2020-06-01,-0.544465,Germany
2020-07-01,-0.549555652173913,Germany
2020-08-01,-0.552087619047619,Germany
2020-09-01,-0.552932727272727,Germany
2020-10-01,-0.5546409090909089,Germany
2020-11-01,-0.55621619047619,Germany
2020-12-01,-0.5563490909090911,Germany
2021-01-01,-0.5657645,Germany
2021-02-01,-0.563521,Germany
2021-03-01,-0.56376652173913,Germany
2021-04-01,-0.5660555,Germany
2021-05-01,-0.56470619047619,Germany
2021-06-01,-0.5641259090909089,Germany
2021-07-01,-0.566522272727273,Germany
2021-08-01,-0.5681,Germany
2021-09-01,-0.569360454545455,Germany
2021-10-01,-0.570412857142857,Germany
2021-11-01,-0.573237272727273,Germany
2021-12-01,-0.576372173913044,Germany
2022-01-01,-0.5794657142857139,Germany
2022-02-01,-0.576333,Germany
2022-03-01,-0.577703043478261,Germany
2022-04-01,-0.583707368421053,Germany
2022-05-01,-0.5847413636363641,Germany
2022-06-01,-0.5826240909090911,Germany
2022-07-01,-0.571064285714286,Germany
2022-08-01,-0.0946521739130435,Germany
2022-09-01,0.254584090909091,Germany
2022-10-01,0.655378571428571,Germany
2022-11-01,1.26661954545455,Germany
2022-12-01,1.50396476190476,Germany
2023-01-01,1.9013118181818205,Germany
2023-02-01,2.200642,Germany
2023-03-01,2.50836391304348,Germany
2023-04-01,2.89908111111111,Germany
2023-05-01,3.04630909090909,Germany
2023-06-01,3.20459045454545,Germany
2023-07-01,3.40326333333333,Germany
2023-08-01,3.61036652173913,Germany
2023-09-01,3.7125219047619,Germany
2023-10-01,3.9010604545454495,Germany
2023-11-01,3.902743636363641,Germany
2023-12-01,3.90344210526316,Germany
2024-01-01,3.90264954545455,Germany
2024-02-01,3.90867571428571,Germany
2024-03-01,3.907311,Germany
2024-04-01,3.9082785714285695,Germany
2024-05-01,3.90696272727273,Germany
2024-06-01,3.786032,Germany
2024-07-01,3.66308869565217,Germany
2024-08-01,3.66435590909091,Germany
2024-09-01,3.5920923809523795,Germany
2024-10-01,3.38073,Germany
2000-01-01,5.0,Australia
2000-02-01,5.48,Australia
2000-03-01,5.5,Australia
2000-04-01,5.72,Australia
2000-05-01,5.98,Australia
2000-06-01,6.0,Australia
2000-07-01,6.0,Australia
2000-08-01,6.24,Australia
2000-09-01,6.25,Australia
2000-10-01,6.25,Australia
2000-11-01,6.25,Australia
2000-12-01,6.25,Australia
2001-01-01,6.25,Australia
2001-02-01,5.85,Australia
2001-03-01,5.55,Australia
2001-04-01,5.06,Australia
2001-05-01,5.0,Australia
2001-06-01,5.0,Australia
2001-07-01,5.0,Australia
2001-08-01,5.0,Australia
2001-09-01,4.78,Australia
2001-10-01,4.52,Australia
2001-11-01,4.5,Australia
2001-12-01,4.28,Australia
2002-01-01,4.25,Australia
2002-02-01,4.25,Australia
2002-03-01,4.25,Australia
2002-04-01,4.25,Australia
2002-05-01,4.45,Australia
2002-06-01,4.72,Australia
2002-07-01,4.75,Australia
2002-08-01,4.75,Australia
2002-09-01,4.75,Australia
2002-10-01,4.75,Australia
2002-11-01,4.75,Australia
2002-12-01,4.75,Australia
2003-01-01,4.75,Australia
2003-02-01,4.75,Australia
2003-03-01,4.75,Australia
2003-04-01,4.75,Australia
2003-05-01,4.75,Australia
2003-06-01,4.75,Australia
2003-07-01,4.75,Australia
2003-08-01,4.75,Australia
2003-09-01,4.75,Australia
2003-10-01,4.75,Australia
2003-11-01,4.98,Australia
2003-12-01,5.23,Australia
2004-01-01,5.25,Australia
2004-02-01,5.25,Australia
2004-03-01,5.25,Australia
2004-04-01,5.25,Australia
2004-05-01,5.25,Australia
2004-06-01,5.25,Australia
2004-07-01,5.25,Australia
2004-08-01,5.25,Australia
2004-09-01,5.25,Australia
2004-10-01,5.25,Australia
2004-11-01,5.25,Australia
2004-12-01,5.25,Australia
2005-01-01,5.25,Australia
2005-02-01,5.25,Australia
2005-03-01,5.49,Australia
2005-04-01,5.5,Australia
2005-05-01,5.5,Australia
2005-06-01,5.5,Australia
2005-07-01,5.5,Australia
2005-08-01,5.5,Australia
2005-09-01,5.5,Australia
2005-10-01,5.5,Australia
2005-11-01,5.5,Australia
2005-12-01,5.5,Australia
2006-01-01,5.5,Australia
2006-02-01,5.5,Australia
2006-03-01,5.5,Australia
2006-04-01,5.5,Australia
2006-05-01,5.73,Australia
2006-06-01,5.75,Australia
2006-07-01,5.75,Australia
2006-08-01,5.99,Australia
2006-09-01,6.0,Australia
2006-10-01,6.0,Australia
2006-11-01,6.19,Australia
2006-12-01,6.25,Australia
2007-01-01,6.25,Australia
2007-02-01,6.25,Australia
2007-03-01,6.25,Australia
2007-04-01,6.25,Australia
2007-05-01,6.25,Australia
2007-06-01,6.25,Australia
2007-07-01,6.25,Australia
2007-08-01,6.45,Australia
2007-09-01,6.5,Australia
2007-10-01,6.5,Australia
2007-11-01,6.7,Australia
2007-12-01,6.75,Australia
2008-01-01,6.75,Australia
2008-02-01,6.96,Australia
2008-03-01,7.22,Australia
2008-04-01,7.25,Australia
2008-05-01,7.25,Australia
2008-06-01,7.25,Australia
2008-07-01,7.25,Australia
2008-08-01,7.25,Australia
2008-09-01,7.02,Australia
2008-10-01,6.18,Australia
2008-11-01,5.33,Australia
2008-12-01,4.35,Australia
2009-01-01,4.25,Australia
2009-02-01,3.35,Australia
2009-03-01,3.25,Australia
2009-04-01,3.06,Australia
2009-05-01,3.0,Australia
2009-06-01,3.0,Australia
2009-07-01,3.0,Australia
2009-08-01,3.0,Australia
2009-09-01,3.0,Australia
2009-10-01,3.21,Australia
2009-11-01,3.48,Australia
2009-12-01,3.74,Australia
2010-01-01,3.75,Australia
2010-02-01,3.75,Australia
2010-03-01,3.98,Australia
2010-04-01,4.22,Australia
2010-05-01,4.48,Australia
2010-06-01,4.5,Australia
2010-07-01,4.5,Australia
2010-08-01,4.5,Australia
2010-09-01,4.5,Australia
2010-10-01,4.5,Australia
2010-11-01,4.73,Australia
2010-12-01,4.75,Australia
2011-01-01,4.75,Australia
2011-02-01,4.75,Australia
2011-03-01,4.75,Australia
2011-04-01,4.75,Australia
2011-05-01,4.75,Australia
2011-06-01,4.75,Australia
2011-07-01,4.75,Australia
2011-08-01,4.75,Australia
2011-09-01,4.75,Australia
2011-10-01,4.75,Australia
2011-11-01,4.51,Australia
2011-12-01,4.3,Australia
2012-01-01,4.25,Australia
2012-02-01,4.25,Australia
2012-03-01,4.25,Australia
2012-04-01,4.25,Australia
2012-05-01,3.77,Australia
2012-06-01,3.54,Australia
2012-07-01,3.5,Australia
2012-08-01,3.5,Australia
2012-09-01,3.5,Australia
2012-10-01,3.27,Australia
2012-11-01,3.25,Australia
2012-12-01,3.03,Australia
2013-01-01,3.0,Australia
2013-02-01,3.0,Australia
2013-03-01,3.0,Australia
2013-04-01,3.0,Australia
2013-05-01,2.8,Australia
2013-06-01,2.75,Australia
2013-07-01,2.75,Australia
2013-08-01,2.55,Australia
2013-09-01,2.5,Australia
2013-10-01,2.5,Australia
2013-11-01,2.5,Australia
2013-12-01,2.5,Australia
2014-01-01,2.5,Australia
2014-02-01,2.5,Australia
2014-03-01,2.5,Australia
2014-04-01,2.5,Australia
2014-05-01,2.5,Australia
2014-06-01,2.5,Australia
2014-07-01,2.5,Australia
2014-08-01,2.5,Australia
2014-09-01,2.5,Australia
2014-10-01,2.5,Australia
2014-11-01,2.5,Australia
2014-12-01,2.5,Australia
2015-01-01,2.5,Australia
2015-02-01,2.28,Australia
2015-03-01,2.25,Australia
2015-04-01,2.25,Australia
2015-05-01,2.04,Australia
2015-06-01,2.0,Australia
2015-07-01,2.0,Australia
2015-08-01,2.0,Australia
2015-09-01,2.0,Australia
2015-10-01,2.0,Australia
2015-11-01,2.0,Australia
2015-12-01,2.0,Australia
2016-01-01,2.0,Australia
2016-02-01,2.0,Australia
2016-03-01,2.0,Australia
2016-04-01,2.0,Australia
2016-05-01,1.77,Australia
2016-06-01,1.75,Australia
2016-07-01,1.75,Australia
2016-08-01,1.52,Australia
2016-09-01,1.5,Australia
2016-10-01,1.5,Australia
2016-11-01,1.5,Australia
2016-12-01,1.5,Australia
2017-01-01,1.5,Australia
2017-02-01,1.5,Australia
2017-03-01,1.5,Australia
2017-04-01,1.5,Australia
2017-05-01,1.5,Australia
2017-06-01,1.5,Australia
2017-07-01,1.5,Australia
2017-08-01,1.5,Australia
2017-09-01,1.5,Australia
2017-10-01,1.5,Australia
2017-11-01,1.5,Australia
2017-12-01,1.5,Australia
2018-01-01,1.5,Australia
2018-02-01,1.5,Australia
2018-03-01,1.5,Australia
2018-04-01,1.5,Australia
2018-05-01,1.5,Australia
2018-06-01,1.5,Australia
2018-07-01,1.5,Australia
2018-08-01,1.5,Australia
2018-09-01,1.5,Australia
2018-10-01,1.5,Australia
2018-11-01,1.5,Australia
2018-12-01,1.5,Australia
2019-01-01,1.5,Australia
2019-02-01,1.5,Australia
2019-03-01,1.5,Australia
2019-04-01,1.5,Australia
2019-05-01,1.5,Australia
2019-06-01,1.28,Australia
2019-07-01,1.02,Australia
2019-08-01,1.0,Australia
2019-09-01,1.0,Australia
2019-10-01,0.76,Australia
2019-11-01,0.75,Australia
2019-12-01,0.75,Australia
2020-01-01,0.75,Australia
2020-02-01,0.75,Australia
2020-03-01,0.43,Australia
2020-04-01,0.25,Australia
2020-05-01,0.25,Australia
2020-06-01,0.25,Australia
2020-07-01,0.25,Australia
2020-08-01,0.25,Australia
2020-09-01,0.25,Australia
2020-10-01,0.25,Australia
2020-11-01,0.11,Australia
2020-12-01,0.1,Australia
2021-01-01,0.1,Australia
2021-02-01,0.1,Australia
2021-03-01,0.1,Australia
2021-04-01,0.1,Australia
2021-05-01,0.1,Australia
2021-06-01,0.1,Australia
2021-07-01,0.1,Australia
2021-08-01,0.1,Australia
2021-09-01,0.1,Australia
2021-10-01,0.1,Australia
2021-11-01,0.1,Australia
2021-12-01,0.1,Australia
2022-01-01,0.1,Australia
2022-02-01,0.1,Australia
2022-03-01,0.1,Australia
2022-04-01,0.1,Australia
2022-05-01,0.33,Australia
2022-06-01,0.73,Australia
2022-07-01,1.28,Australia
2022-08-01,1.81,Australia
2022-09-01,2.25,Australia
2022-10-01,2.58,Australia
2022-11-01,2.84,Australia
2022-12-01,3.05,Australia
2023-01-01,3.1,Australia
2023-02-01,3.29,Australia
2023-03-01,3.54,Australia
2023-04-01,3.6,Australia
2023-05-01,3.83,Australia
2023-06-01,4.05,Australia
2023-07-01,4.1,Australia
2023-08-01,4.1,Australia
2023-09-01,4.1,Australia
2023-10-01,4.1,Australia
2023-11-01,4.29,Australia
2023-12-01,4.35,Australia
2024-01-01,4.35,Australia
2024-02-01,4.35,Australia
2024-03-01,4.35,Australia
2024-04-01,4.35,Australia
2024-05-01,4.35,Australia
2024-06-01,4.35,Australia
2024-07-01,4.35,Australia
2024-08-01,4.35,Australia
2024-09-01,4.35,Australia
2024-10-01,4.35,Australia
2000-01-01,5.12,New Zealand
2000-02-01,5.26,New Zealand
2000-03-01,5.51,New Zealand
2000-04-01,5.82,New Zealand
2000-05-01,6.24,New Zealand
2000-06-01,6.5,New Zealand
2000-07-01,6.5,New Zealand
2000-08-01,6.5,New Zealand
2000-09-01,6.5,New Zealand
2000-10-01,6.5,New Zealand
2000-11-01,6.5,New Zealand
2000-12-01,6.51,New Zealand
2001-01-01,6.5,New Zealand
2001-02-01,6.5,New Zealand
2001-03-01,6.35,New Zealand
2001-04-01,6.15,New Zealand
2001-05-01,5.87,New Zealand
2001-06-01,5.75,New Zealand
2001-07-01,5.75,New Zealand
2001-08-01,5.76,New Zealand
2001-09-01,5.55,New Zealand
2001-10-01,5.25,New Zealand
2001-11-01,4.96,New Zealand
2001-12-01,4.75,New Zealand
2002-01-01,4.75,New Zealand
2002-02-01,4.75,New Zealand
2002-03-01,4.84,New Zealand
2002-04-01,5.11,New Zealand
2002-05-01,5.39,New Zealand
2002-06-01,5.5,New Zealand
2002-07-01,5.73,New Zealand
2002-08-01,5.75,New Zealand
2002-09-01,5.75,New Zealand
2002-10-01,5.75,New Zealand
2002-11-01,5.75,New Zealand
2002-12-01,5.75,New Zealand
2003-01-01,5.75,New Zealand
2003-02-01,5.75,New Zealand
2003-03-01,5.75,New Zealand
2003-04-01,5.7,New Zealand
2003-05-01,5.51,New Zealand
2003-06-01,5.28,New Zealand
2003-07-01,5.19,New Zealand
2003-08-01,5.0,New Zealand
2003-09-01,5.0,New Zealand
2003-10-01,5.0,New Zealand
2003-11-01,5.0,New Zealand
2003-12-01,5.0,New Zealand
2004-01-01,5.03,New Zealand
2004-02-01,5.25,New Zealand
2004-03-01,5.25,New Zealand
2004-04-01,5.28,New Zealand
2004-05-01,5.5,New Zealand
2004-06-01,5.68,New Zealand
2004-07-01,5.77,New Zealand
2004-08-01,6.0,New Zealand
2004-09-01,6.18,New Zealand
2004-10-01,6.28,New Zealand
2004-11-01,6.5,New Zealand
2004-12-01,6.5,New Zealand
2005-01-01,6.5,New Zealand
2005-02-01,6.5,New Zealand
2005-03-01,6.67,New Zealand
2005-04-01,6.75,New Zealand
2005-05-01,6.75,New Zealand
2005-06-01,6.75,New Zealand
2005-07-01,6.75,New Zealand
2005-08-01,6.75,New Zealand
2005-09-01,6.75,New Zealand
2005-10-01,6.79,New Zealand
2005-11-01,7.0,New Zealand
2005-12-01,7.19,New Zealand
2006-01-01,7.25,New Zealand
2006-02-01,7.25,New Zealand
2006-03-01,7.25,New Zealand
2006-04-01,7.25,New Zealand
2006-05-01,7.25,New Zealand
2006-06-01,7.25,New Zealand
2006-07-01,7.25,New Zealand
2006-08-01,7.25,New Zealand
2006-09-01,7.25,New Zealand
2006-10-01,7.35,New Zealand
2006-11-01,7.45,New Zealand
2006-12-01,7.51,New Zealand
2007-01-01,7.41,New Zealand
2007-02-01,7.41,New Zealand
2007-03-01,7.59,New Zealand
2007-04-01,7.7,New Zealand
2007-05-01,7.89,New Zealand
2007-06-01,8.1,New Zealand
2007-07-01,8.2,New Zealand
2007-08-01,8.28,New Zealand
2007-09-01,8.02,New Zealand
2007-10-01,8.07,New Zealand
2007-11-01,8.33,New Zealand
2007-12-01,8.18,New Zealand
2008-01-01,8.16,New Zealand
2008-02-01,8.2,New Zealand
2008-03-01,8.1,New Zealand
2008-04-01,8.05,New Zealand
2008-05-01,8.06,New Zealand
2008-06-01,8.21,New Zealand
2008-07-01,8.03,New Zealand
2008-08-01,7.89,New Zealand
2008-09-01,7.52,New Zealand
2008-10-01,7.1,New Zealand
2008-11-01,6.26,New Zealand
2008-12-01,5.05,New Zealand
2009-01-01,4.66,New Zealand
2009-02-01,3.36,New Zealand
2009-03-01,3.08,New Zealand
2009-04-01,3.01,New Zealand
2009-05-01,2.37,New Zealand
2009-06-01,2.45,New Zealand
2009-07-01,2.43,New Zealand
2009-08-01,2.53,New Zealand
2009-09-01,2.58,New Zealand
2009-10-01,2.49,New Zealand
2009-11-01,2.41,New Zealand
2009-12-01,2.43,New Zealand
2010-01-01,2.42,New Zealand
2010-02-01,2.32,New Zealand
2010-03-01,2.35,New Zealand
2010-04-01,2.28,New Zealand
2010-05-01,2.32,New Zealand
2010-06-01,2.49,New Zealand
2010-07-01,2.68,New Zealand
2010-08-01,2.88,New Zealand
2010-09-01,2.91,New Zealand
2010-10-01,2.94,New Zealand
2010-11-01,2.91,New Zealand
2010-12-01,2.88,New Zealand
2011-01-01,2.92,New Zealand
2011-02-01,2.91,New Zealand
2011-03-01,2.5,New Zealand
2011-04-01,2.5,New Zealand
2011-05-01,2.45,New Zealand
2011-06-01,2.46,New Zealand
2011-07-01,2.4,New Zealand
2011-08-01,2.44,New Zealand
2011-09-01,2.39,New Zealand
2011-10-01,2.33,New Zealand
2011-11-01,2.34,New Zealand
2011-12-01,2.34,New Zealand
2012-01-01,2.4,New Zealand
2012-02-01,2.41,New Zealand
2012-03-01,2.43,New Zealand
2012-04-01,2.45,New Zealand
2012-05-01,2.44,New Zealand
2012-06-01,2.43,New Zealand
2012-07-01,2.5,New Zealand
2012-08-01,2.52,New Zealand
2012-09-01,2.49,New Zealand
2012-10-01,2.48,New Zealand
2012-11-01,2.49,New Zealand
2012-12-01,2.51,New Zealand
2013-01-01,2.45,New Zealand
2013-02-01,2.49,New Zealand
2013-03-01,2.47,New Zealand
2013-04-01,2.42,New Zealand
2013-05-01,2.48,New Zealand
2013-06-01,2.47,New Zealand
2013-07-01,2.43,New Zealand
2013-08-01,2.49,New Zealand
2013-09-01,2.5,New Zealand
2013-10-01,2.5,New Zealand
2013-11-01,2.49,New Zealand
2013-12-01,2.5,New Zealand
2014-01-01,2.52,New Zealand
2014-02-01,2.51,New Zealand
2014-03-01,2.65,New Zealand
2014-04-01,2.79,New Zealand
2014-05-01,3.0,New Zealand
2014-06-01,3.13,New Zealand
2014-07-01,3.28,New Zealand
2014-08-01,3.45,New Zealand
2014-09-01,3.46,New Zealand
2014-10-01,3.42,New Zealand
2014-11-01,3.42,New Zealand
2014-12-01,3.4,New Zealand
2015-01-01,3.42,New Zealand
2015-02-01,3.4,New Zealand
2015-03-01,3.42,New Zealand
2015-04-01,3.44,New Zealand
2015-05-01,3.41,New Zealand
2015-06-01,3.25,New Zealand
2015-07-01,3.07,New Zealand
2015-08-01,2.9,New Zealand
2015-09-01,2.76,New Zealand
2015-10-01,2.68,New Zealand
2015-11-01,2.65,New Zealand
2015-12-01,2.55,New Zealand
2016-01-01,2.39,New Zealand
2016-02-01,2.37,New Zealand
2016-03-01,2.21,New Zealand
2016-04-01,2.17,New Zealand
2016-05-01,2.16,New Zealand
2016-06-01,2.16,New Zealand
2016-07-01,2.11,New Zealand
2016-08-01,2.06,New Zealand
2016-09-01,1.92,New Zealand
2016-10-01,1.88,New Zealand
2016-11-01,1.74,New Zealand
2016-12-01,1.68,New Zealand
2017-01-01,1.66,New Zealand
2017-02-01,1.71,New Zealand
2017-03-01,1.66,New Zealand
2017-04-01,1.62,New Zealand
2017-05-01,1.67,New Zealand
2017-06-01,1.71,New Zealand
2017-07-01,1.63,New Zealand
2017-08-01,1.65,New Zealand
2017-09-01,1.64,New Zealand
2017-10-01,1.61,New Zealand
2017-11-01,1.64,New Zealand
2017-12-01,1.67,New Zealand
2018-01-01,1.66,New Zealand
2018-02-01,1.67,New Zealand
2018-03-01,1.67,New Zealand
2018-04-01,1.71,New Zealand
2018-05-01,1.73,New Zealand
2018-06-01,1.69,New Zealand
2018-07-01,1.67,New Zealand
2018-08-01,1.71,New Zealand
2018-09-01,1.68,New Zealand
2018-10-01,1.68,New Zealand
2018-11-01,1.72,New Zealand
2018-12-01,1.72,New Zealand
2019-01-01,1.67,New Zealand
2019-02-01,1.73,New Zealand
2019-03-01,1.73,New Zealand
2019-04-01,1.7,New Zealand
2019-05-01,1.51,New Zealand
2019-06-01,1.45,New Zealand
2019-07-01,1.43,New Zealand
2019-08-01,1.1,New Zealand
2019-09-01,0.96,New Zealand
2019-10-01,0.97,New Zealand
2019-11-01,0.99,New Zealand
2019-12-01,0.95,New Zealand
2020-01-01,0.92,New Zealand
2020-02-01,0.93,New Zealand
2020-03-01,0.56,New Zealand
2020-04-01,0.26,New Zealand
2020-05-01,0.25,New Zealand
2020-06-01,0.23,New Zealand
2020-07-01,0.21,New Zealand
2020-08-01,0.15,New Zealand
2020-09-01,0.26,New Zealand
2020-10-01,0.21,New Zealand
2020-11-01,0.22,New Zealand
2020-12-01,0.23,New Zealand
2021-01-01,0.24,New Zealand
2021-02-01,0.24,New Zealand
2021-03-01,0.23,New Zealand
2021-04-01,0.24,New Zealand
2021-05-01,0.22,New Zealand
2021-06-01,0.23,New Zealand
2021-07-01,0.23,New Zealand
2021-08-01,0.21,New Zealand
2021-09-01,0.2,New Zealand
2021-10-01,0.38,New Zealand
2021-11-01,0.54,New Zealand
2021-12-01,0.71,New Zealand
2022-01-01,0.67,New Zealand
2022-02-01,0.73,New Zealand
2022-03-01,0.94,New Zealand
2022-04-01,1.24,New Zealand
2022-05-01,1.53,New Zealand
2022-06-01,1.96,New Zealand
2022-07-01,2.2,New Zealand
2022-08-01,2.78,New Zealand
2022-09-01,2.9,New Zealand
2022-10-01,3.29,New Zealand
2022-11-01,3.55,New Zealand
2022-12-01,4.18,New Zealand
2023-01-01,4.21,New Zealand
2023-02-01,4.2,New Zealand
2023-03-01,4.75,New Zealand
2023-04-01,5.01,New Zealand
2023-05-01,5.34,New Zealand
2023-06-01,5.4,New Zealand
2023-07-01,5.47,New Zealand
2023-08-01,5.41,New Zealand
2023-09-01,5.39,New Zealand
2023-10-01,5.4,New Zealand
2023-11-01,5.43,New Zealand
2023-12-01,5.35,New Zealand
2024-01-01,5.52,New Zealand
2024-02-01,5.43,New Zealand
2024-03-01,5.38,New Zealand
2024-04-01,5.47,New Zealand
2024-05-01,5.5,New Zealand
2024-06-01,5.52,New Zealand
2024-07-01,5.49,New Zealand
2024-08-01,5.45,New Zealand
2024-09-01,5.21,New Zealand
2024-10-01,4.77,New Zealand
2000-01-01,4.77,Canada
2000-02-01,4.9714,Canada
2000-03-01,5.2486,Canada
2000-04-01,5.2586,Canada
2000-05-01,5.7529,Canada
2000-06-01,5.75,Canada
2000-07-01,5.7271,Canada
2000-08-01,5.7514,Canada
2000-09-01,5.7429,Canada
2000-10-01,5.7514,Canada
2000-11-01,5.75,Canada
2000-12-01,5.8,Canada
2001-01-01,5.4914,Canada
2001-02-01,5.49,Canada
2001-03-01,4.9927,Canada
2001-04-01,4.7442,Canada
2001-05-01,4.67,Canada
2001-06-01,4.4935,Canada
2001-07-01,4.2414,Canada
2001-08-01,4.1679,Canada
2001-09-01,3.4858,Canada
2001-10-01,2.7412,Canada
2001-11-01,2.5955,Canada
2001-12-01,2.2444,Canada
2002-01-01,1.9923,Canada
2002-02-01,1.9926,Canada
2002-03-01,1.9933,Canada
2002-04-01,2.244,Canada
2002-05-01,2.2471,Canada
2002-06-01,2.4964,Canada
2002-07-01,2.7418,Canada
2002-08-01,2.7448,Canada
2002-09-01,2.7447,Canada
2002-10-01,2.7449,Canada
2002-11-01,2.7431,Canada
2002-12-01,2.7439,Canada
2003-01-01,2.7439,Canada
2003-02-01,2.7469,Canada
2003-03-01,2.992,Canada
2003-04-01,3.2373,Canada
2003-05-01,3.2416,Canada
2003-06-01,3.2449,Canada
2003-07-01,2.9947,Canada
2003-08-01,2.9972,Canada
2003-09-01,2.749,Canada
2003-10-01,2.7492,Canada
2003-11-01,2.7481,Canada
2003-12-01,2.7481,Canada
2004-01-01,2.4951,Canada
2004-02-01,2.4953,Canada
2004-03-01,2.2482,Canada
2004-04-01,1.9959,Canada
2004-05-01,1.9985,Canada
2004-06-01,2.0005,Canada
2004-07-01,1.9973,Canada
2004-08-01,1.9979,Canada
2004-09-01,2.2496,Canada
2004-10-01,2.496,Canada
2004-11-01,2.4977,Canada
2004-12-01,2.4999,Canada
2005-01-01,2.498,Canada
2005-02-01,2.4971,Canada
2005-03-01,2.4794,Canada
2005-04-01,2.4954,Canada
2005-05-01,2.4866,Canada
2005-06-01,2.4936,Canada
2005-07-01,2.4922,Canada
2005-08-01,2.4882,Canada
2005-09-01,2.7421,Canada
2005-10-01,2.9873,Canada
2005-11-01,2.9883,Canada
2005-12-01,3.2437,Canada
2006-01-01,3.2961,Canada
2006-02-01,3.4765,Canada
2006-03-01,3.7269,Canada
2006-04-01,3.8182,Canada
2006-05-01,4.2126,Canada
2006-06-01,4.2455,Canada
2006-07-01,4.2442,Canada
2006-08-01,4.2427,Canada
2006-09-01,4.2465,Canada
2006-10-01,4.2335,Canada
2006-11-01,4.2476,Canada
2006-12-01,4.2482,Canada
2007-01-01,4.2447,Canada
2007-02-01,4.2504,Canada
2007-03-01,4.2432,Canada
2007-04-01,4.2471,Canada
2007-05-01,4.2352,Canada
2007-06-01,4.2536,Canada
2007-07-01,4.504,Canada
2007-08-01,4.4158,Canada
2007-09-01,4.4637,Canada
2007-10-01,4.5086,Canada
2007-11-01,4.5105,Canada
2007-12-01,4.2597,Canada
2008-01-01,4.006,Canada
2008-02-01,3.9994,Canada
2008-03-01,3.4585,Canada
2008-04-01,3.0298,Canada
2008-05-01,2.9988,Canada
2008-06-01,2.9915,Canada
2008-07-01,3.0195,Canada
2008-08-01,3.0003,Canada
2008-09-01,2.9904,Canada
2008-10-01,2.2522,Canada
2008-11-01,2.2448,Canada
2008-12-01,1.5017,Canada
2009-01-01,1.0044,Canada
2009-02-01,0.9978,Canada
2009-03-01,0.4883,Canada
2009-04-01,0.248,Canada
2009-05-01,0.2432,Canada
2009-06-01,0.2412,Canada
2009-07-01,0.2417,Canada
2009-08-01,0.2425,Canada
2009-09-01,0.2417,Canada
2009-10-01,0.2403,Canada
2009-11-01,0.2435,Canada
2009-12-01,0.2455,Canada
2010-01-01,0.2442,Canada
2010-02-01,0.2476,Canada
2010-03-01,0.2443,Canada
2010-04-01,0.248,Canada
2010-05-01,0.2437,Canada
2010-06-01,0.4928,Canada
2010-07-01,0.74,Canada
2010-08-01,0.7481,Canada
2010-09-01,0.9976,Canada
2010-10-01,0.9969,Canada
2010-11-01,0.9997,Canada
2010-12-01,0.9924,Canada
2011-01-01,0.9937,Canada
2011-02-01,0.9934,Canada
2011-03-01,0.9944,Canada
2011-04-01,0.997,Canada
2011-05-01,0.9967,Canada
2011-06-01,0.9981,Canada
2011-07-01,0.9986,Canada
2011-08-01,0.9977,Canada
2011-09-01,0.9989,Canada
2011-10-01,0.9993,Canada
2011-11-01,0.9983,Canada
2011-12-01,0.9998,Canada
2012-01-01,0.9987,Canada
2012-02-01,0.9978,Canada
2012-03-01,0.998,Canada
2012-04-01,1.0079,Canada
2012-05-01,1.0,Canada
2012-06-01,0.9984,Canada
2012-07-01,0.9974,Canada
2012-08-01,0.999,Canada
2012-09-01,0.9991,Canada
2012-10-01,1.0024,Canada
2012-11-01,0.9985,Canada
2012-12-01,0.9982,Canada
2013-01-01,1.0048,Canada
2013-02-01,1.0072,Canada
2013-03-01,1.0065,Canada
2013-04-01,1.0036,Canada
2013-05-01,1.0063,Canada
2013-06-01,1.0067,Canada
2013-07-01,0.9998,Canada
2013-08-01,0.9978,Canada
2013-09-01,0.9948,Canada
2013-10-01,0.9994,Canada
2013-11-01,0.9997,Canada
2013-12-01,1.0012,Canada
2014-01-01,0.9993,Canada
2014-02-01,0.9945,Canada
2014-03-01,0.998,Canada
2014-04-01,0.9978,Canada
2014-05-01,0.9978,Canada
2014-06-01,0.9988,Canada
2014-07-01,0.999,Canada
2014-08-01,0.9976,Canada
2014-09-01,0.9979,Canada
2014-10-01,1.0024,Canada
2014-11-01,1.0,Canada
2014-12-01,1.0114,Canada
2015-01-01,0.7502,Canada
2015-02-01,0.7595,Canada
2015-03-01,0.7558,Canada
2015-04-01,0.7473,Canada
2015-05-01,0.727,Canada
2015-06-01,0.7464,Canada
2015-07-01,0.5019,Canada
2015-08-01,0.5026,Canada
2015-09-01,0.5002,Canada
2015-10-01,0.4991,Canada
2015-11-01,0.4967,Canada
2015-12-01,0.5242,Canada
2016-01-01,0.5153,Canada
2016-02-01,0.4991,Canada
2016-03-01,0.4981,Canada
2016-04-01,0.5005,Canada
2016-05-01,0.4974,Canada
2016-06-01,0.5035,Canada
2016-07-01,0.5078,Canada
2016-08-01,0.4926,Canada
2016-09-01,0.4969,Canada
2016-10-01,0.4883,Canada
2016-11-01,0.4893,Canada
2016-12-01,0.4936,Canada
2017-01-01,0.4885,Canada
2017-02-01,0.4887,Canada
2017-03-01,0.5003,Canada
2017-04-01,0.4953,Canada
2017-05-01,0.4886,Canada
2017-06-01,0.4941,Canada
2017-07-01,0.7414,Canada
2017-08-01,0.7473,Canada
2017-09-01,0.9941,Canada
2017-10-01,0.9955,Canada
2017-11-01,0.9916,Canada
2017-12-01,0.997,Canada
2018-01-01,1.2461,Canada
2018-02-01,1.2367,Canada
2018-03-01,1.2457,Canada
2018-04-01,1.2461,Canada
2018-05-01,1.2434,Canada
2018-06-01,1.2464,Canada
2018-07-01,1.4948,Canada
2018-08-01,1.4961,Canada
2018-09-01,1.4979,Canada
2018-10-01,1.7476,Canada
2018-11-01,1.7473,Canada
2018-12-01,1.7516,Canada
2019-01-01,1.7462,Canada
2019-02-01,1.7455,Canada
2019-03-01,1.7461,Canada
2019-04-01,1.7459,Canada
2019-05-01,1.745,Canada
2019-06-01,1.7429,Canada
2019-07-01,1.7469,Canada
2019-08-01,1.7481,Canada
2019-09-01,1.7454,Canada
2019-10-01,1.7472,Canada
2019-11-01,1.7487,Canada
2019-12-01,1.7479,Canada
2020-01-01,1.7487,Canada
2020-02-01,1.7485,Canada
2020-03-01,0.7406,Canada
2020-04-01,0.2341,Canada
2020-05-01,0.2379,Canada
2020-06-01,0.2327,Canada
2020-07-01,0.2407,Canada
2020-08-01,0.2337,Canada
2020-09-01,0.2181,Canada
2020-10-01,0.2337,Canada
2020-11-01,0.2336,Canada
2020-12-01,0.1741,Canada
2021-01-01,0.1826,Canada
2021-02-01,0.2143,Canada
2021-03-01,0.1529,Canada
2021-04-01,0.1669,Canada
2021-05-01,0.1872,Canada
2021-06-01,0.1873,Canada
2021-07-01,0.193,Canada
2021-08-01,0.2026,Canada
2021-09-01,0.1824,Canada
2021-10-01,0.2025,Canada
2021-11-01,0.2078,Canada
2021-12-01,0.1274,Canada
2022-01-01,0.1759349999999999,Canada
2022-02-01,0.1717473684210529,Canada
2022-03-01,0.40775652173913,Canada
2022-04-01,0.710333333333333,Canada
2022-05-01,0.947242857142857,Canada
2022-06-01,1.42881363636364,Canada
2022-07-01,2.03743684210526,Canada
2022-08-01,2.48295454545455,Canada
2022-09-01,3.10176842105263,Canada
2022-10-01,3.31408947368421,Canada
2022-11-01,3.74122380952381,Canada
2022-12-01,4.1245,Canada
2023-01-01,4.29001428571429,Canada
2023-02-01,4.49236842105263,Canada
2023-03-01,4.49231304347826,Canada
2023-04-01,4.49171764705882,Canada
2023-05-01,4.49264761904762,Canada
2023-06-01,4.683945454545451,Canada
2023-07-01,4.9038900000000005,Canada
2023-08-01,4.99421363636364,Canada
2023-09-01,4.991785,Canada
2023-10-01,5.001844999999999,Canada
2023-11-01,5.01366666666667,Canada
2023-12-01,5.01547894736842,Canada
2024-01-01,5.02609090909091,Canada
2024-02-01,5.01497,Canada
2024-03-01,5.00289,Canada
2024-04-01,4.999918181818179,Canada
2024-05-01,5.0027,Canada
2024-06-01,4.80132,Canada
2024-07-01,4.70747142857143,Canada
2024-08-01,4.512980000000001,Canada
2024-09-01,4.29742222222222,Canada
2024-10-01,4.1547,Canada
2000-01-01,2.28,Switzerland
2000-02-01,1.342026,Switzerland
2000-03-01,2.361749,Switzerland
2000-04-01,2.547827,Switzerland
2000-05-01,3.047974,Switzerland
2000-06-01,3.054887,Switzerland
2000-07-01,2.778948,Switzerland
2000-08-01,3.125945,Switzerland
2000-09-01,2.991287,Switzerland
2000-10-01,2.967391,Switzerland
2000-11-01,2.955805,Switzerland
2000-12-01,3.490226,Switzerland
2001-01-01,3.308556,Switzerland
2001-02-01,3.282052,Switzerland
2001-03-01,3.250111,Switzerland
2001-04-01,3.085493,Switzerland
2001-05-01,3.275508,Switzerland
2001-06-01,3.283814,Switzerland
2001-07-01,3.226346,Switzerland
2001-08-01,3.123531,Switzerland
2001-09-01,2.027698,Switzerland
2001-10-01,2.118133,Switzerland
2001-11-01,1.960142,Switzerland
2001-12-01,1.469348,Switzerland
2002-01-01,1.203506,Switzerland
2002-02-01,1.571053,Switzerland
2002-03-01,1.202675,Switzerland
2002-04-01,1.418686,Switzerland
2002-05-01,0.974746,Switzerland
2002-06-01,0.937309,Switzerland
2002-07-01,0.703175,Switzerland
2002-08-01,0.603556,Switzerland
2002-09-01,0.50856,Switzerland
2002-10-01,0.517184,Switzerland
2002-11-01,0.506908,Switzerland
2002-12-01,0.362647,Switzerland
2003-01-01,0.486557,Switzerland
2003-02-01,0.562408,Switzerland
2003-03-01,0.177559,Switzerland
2003-04-01,0.094747,Switzerland
2003-05-01,0.13474,Switzerland
2003-06-01,0.14823,Switzerland
2003-07-01,0.111008,Switzerland
2003-08-01,0.053337,Switzerland
2003-09-01,0.145845,Switzerland
2003-10-01,0.113241,Switzerland
2003-11-01,0.117566,Switzerland
2003-12-01,0.126631,Switzerland
2004-01-01,0.098549,Switzerland
2004-02-01,0.100093,Switzerland
2004-03-01,0.110365,Switzerland
2004-04-01,0.108065,Switzerland
2004-05-01,0.112946,Switzerland
2004-06-01,0.360676,Switzerland
2004-07-01,0.1953,Switzerland
2004-08-01,0.173508,Switzerland
2004-09-01,0.53447,Switzerland
2004-10-01,0.63083,Switzerland
2004-11-01,0.503354,Switzerland
2004-12-01,0.497394,Switzerland
2005-01-01,0.654176,Switzerland
2005-02-01,0.67587,Switzerland
2005-03-01,0.809343,Switzerland
2005-04-01,0.646173,Switzerland
2005-05-01,0.665846,Switzerland
2005-06-01,0.631008,Switzerland
2005-07-01,0.678098,Switzerland
2005-08-01,0.677405,Switzerland
2005-09-01,0.674366,Switzerland
2005-10-01,0.673334,Switzerland
2005-11-01,0.68404,Switzerland
2005-12-01,0.609864,Switzerland
2006-01-01,0.828563,Switzerland
2006-02-01,0.895374,Switzerland
2006-03-01,1.05294,Switzerland
2006-04-01,1.187275,Switzerland
2006-05-01,1.11309,Switzerland
2006-06-01,1.242492,Switzerland
2006-07-01,1.345125,Switzerland
2006-08-01,1.370228,Switzerland
2006-09-01,1.682963,Switzerland
2006-10-01,1.627171,Switzerland
2006-11-01,1.768215,Switzerland
2006-12-01,1.897995,Switzerland
2007-01-01,1.905279,Switzerland
2007-02-01,1.835111,Switzerland
2007-03-01,1.979335,Switzerland
2007-04-01,2.066636,Switzerland
2007-05-01,2.165807,Switzerland
2007-06-01,2.418879,Switzerland
2007-07-01,2.490651,Switzerland
2007-08-01,2.3134,Switzerland
2007-09-01,2.209981,Switzerland
2007-10-01,2.118889,Switzerland
2007-11-01,2.115592,Switzerland
2007-12-01,1.873853,Switzerland
2008-01-01,2.241335,Switzerland
2008-02-01,2.240998,Switzerland
2008-03-01,1.894609,Switzerland
2008-04-01,1.850478,Switzerland
2008-05-01,1.796851,Switzerland
2008-06-01,1.860357,Switzerland
2008-07-01,1.955679,Switzerland
2008-08-01,1.933609,Switzerland
2008-09-01,1.666335,Switzerland
2008-10-01,0.522862,Switzerland
2008-11-01,0.03909,Switzerland
2008-12-01,0.019608,Switzerland
2009-01-01,0.080879,Switzerland
2009-02-01,0.035864,Switzerland
2009-03-01,0.031394,Switzerland
2009-04-01,0.03359,Switzerland
2009-05-01,0.034996,Switzerland
2009-06-01,0.020048,Switzerland
2009-07-01,0.016977,Switzerland
2009-08-01,0.018446,Switzerland
2009-09-01,0.024256,Switzerland
2009-10-01,0.045043,Switzerland
2009-11-01,0.043573,Switzerland
2009-12-01,0.031984,Switzerland
2010-01-01,0.027068,Switzerland
2010-02-01,0.037635,Switzerland
2010-03-01,0.052509,Switzerland
2010-04-01,0.027666,Switzerland
2010-05-01,0.016089,Switzerland
2010-06-01,0.059386,Switzerland
2010-07-01,0.079548,Switzerland
2010-08-01,0.318768,Switzerland
2010-09-01,0.093595,Switzerland
2010-10-01,0.058606,Switzerland
2010-11-01,0.15866,Switzerland
2010-12-01,0.050282,Switzerland
2011-01-01,0.10152,Switzerland
2011-02-01,0.078858,Switzerland
2011-03-01,0.083753,Switzerland
2011-04-01,0.030437,Switzerland
2011-05-01,0.02816,Switzerland
2011-06-01,0.07111,Switzerland
2011-07-01,0.05025,Switzerland
2011-08-01,-0.009758,Switzerland
2011-09-01,0.008339,Switzerland
2011-10-01,0.002873,Switzerland
2011-11-01,0.02014,Switzerland
2011-12-01,0.018136,Switzerland
2012-01-01,-0.012948,Switzerland
2012-02-01,-0.001064,Switzerland
2012-03-01,0.007232,Switzerland
2012-04-01,-0.017135,Switzerland
2012-05-01,0.016374,Switzerland
2012-06-01,0.027838,Switzerland
2012-07-01,-0.057817,Switzerland
2012-08-01,-0.023866,Switzerland
2012-09-01,0.022813,Switzerland
2012-10-01,-0.027541,Switzerland
2012-11-01,0.04,Switzerland
2012-12-01,0.032766,Switzerland
2013-01-01,-0.028182,Switzerland
2013-02-01,-0.035067,Switzerland
2013-03-01,-0.017292,Switzerland
2013-04-01,-0.008163,Switzerland
2013-05-01,-0.024285,Switzerland
2013-06-01,0.004224,Switzerland
2013-07-01,-0.005746,Switzerland
2013-08-01,0.010574,Switzerland
2013-09-01,-0.001193,Switzerland
2013-10-01,-0.016479,Switzerland
2013-11-01,-0.033343,Switzerland
2013-12-01,0.089315,Switzerland
2014-01-01,-0.015391,Switzerland
2014-02-01,-0.02602,Switzerland
2014-03-01,-0.000316,Switzerland
2014-04-01,-0.038873,Switzerland
2014-05-01,-0.022355,Switzerland
2014-06-01,-0.036625,Switzerland
2014-07-01,-0.034751,Switzerland
2014-08-01,0.006218,Switzerland
2014-09-01,0.01231,Switzerland
2014-10-01,-0.034484,Switzerland
2014-11-01,-0.015032,Switzerland
2014-12-01,0.003368,Switzerland
2015-01-01,-0.678498,Switzerland
2015-02-01,-0.7561,Switzerland
2015-03-01,-0.730568,Switzerland
2015-04-01,-0.722648,Switzerland
2015-05-01,-0.726401,Switzerland
2015-06-01,-0.727129,Switzerland
2015-07-01,-0.738677,Switzerland
2015-08-01,-0.724588,Switzerland
2015-09-01,-0.719895,Switzerland
2015-10-01,-0.724732,Switzerland
2015-11-01,-0.72187,Switzerland
2015-12-01,-0.721086,Switzerland
2016-01-01,-0.723007,Switzerland
2016-02-01,-0.733788,Switzerland
2016-03-01,-0.737954,Switzerland
2016-04-01,-0.726368,Switzerland
2016-05-01,-0.729792,Switzerland
2016-06-01,-0.765593,Switzerland
2016-07-01,-0.745432,Switzerland
2016-08-01,-0.731087,Switzerland
2016-09-01,-0.744965,Switzerland
2016-10-01,-0.729412,Switzerland
2016-11-01,-0.728146,Switzerland
2016-12-01,-0.731921,Switzerland
2017-01-01,-0.732656,Switzerland
2017-02-01,-0.72986,Switzerland
2017-03-01,-0.737014,Switzerland
2017-04-01,-0.738899,Switzerland
2017-05-01,-0.734836,Switzerland
2017-06-01,-0.734155,Switzerland
2017-07-01,-0.732636,Switzerland
2017-08-01,-0.732305,Switzerland
2017-09-01,-0.742996,Switzerland
2017-10-01,-0.737404,Switzerland
2017-11-01,-0.736376,Switzerland
2017-12-01,-0.746149,Switzerland
2018-01-01,-0.740278,Switzerland
2018-02-01,-0.759249,Switzerland
2018-03-01,-0.73834,Switzerland
2018-04-01,-0.729806,Switzerland
2018-05-01,-0.728226,Switzerland
2018-06-01,-0.730086,Switzerland
2018-07-01,-0.730823,Switzerland
2018-08-01,-0.731997,Switzerland
2018-09-01,-0.785767,Switzerland
2018-10-01,-0.73731,Switzerland
2018-11-01,-0.732697,Switzerland
2018-12-01,-0.730971,Switzerland
2019-01-01,-0.731819,Switzerland
2019-02-01,-0.738785,Switzerland
2019-03-01,-0.737656,Switzerland
2019-04-01,-0.73173,Switzerland
2019-05-01,-0.73687,Switzerland
2019-06-01,-0.74023,Switzerland
2019-07-01,-0.74512,Switzerland
2019-08-01,-0.74726,Switzerland
2019-09-01,-0.74627,Switzerland
2019-10-01,-0.73297,Switzerland
2019-11-01,-0.7065,Switzerland
2019-12-01,-0.65925,Switzerland
2020-01-01,-0.70191,Switzerland
2020-02-01,-0.70741,Switzerland
2020-03-01,-0.66619,Switzerland
2020-04-01,-0.65946,Switzerland
2020-05-01,-0.65962,Switzerland
2020-06-01,-0.66239,Switzerland
2020-07-01,-0.7037,Switzerland
2020-08-01,-0.70568,Switzerland
2020-09-01,-0.71371,Switzerland
2020-10-01,-0.71804,Switzerland
2020-11-01,-0.72109,Switzerland
2020-12-01,-0.726264,Switzerland
2021-01-01,-0.725018,Switzerland
2021-02-01,-0.725267,Switzerland
2021-03-01,-0.72334,Switzerland
2021-04-01,-0.725071,Switzerland
2021-05-01,-0.725578,Switzerland
2021-06-01,-0.722566,Switzerland
2021-07-01,-0.721564,Switzerland
2021-08-01,-0.72305,Switzerland
2021-09-01,-0.672877,Switzerland
2021-10-01,-0.693678,Switzerland
2021-11-01,-0.680889,Switzerland
2021-12-01,-0.68483,Switzerland
2022-01-01,-0.696923,Switzerland
2022-02-01,-0.698075,Switzerland
2022-03-01,-0.701726,Switzerland
2022-04-01,-0.701592,Switzerland
2022-05-01,-0.692302,Switzerland
2022-06-01,-0.195447,Switzerland
2022-07-01,-0.18865,Switzerland
2022-08-01,-0.200623,Switzerland
2022-09-01,0.43653,Switzerland
2022-10-01,0.470718,Switzerland
2022-11-01,0.459251,Switzerland
2022-12-01,0.942118,Switzerland
2023-01-01,0.946142,Switzerland
2023-02-01,0.937929,Switzerland
2023-03-01,1.418617,Switzerland
2023-04-01,1.419656,Switzerland
2023-05-01,1.441883,Switzerland
2023-06-01,1.706544,Switzerland
2023-07-01,1.702332,Switzerland
2023-08-01,1.705343,Switzerland
2023-09-01,1.714893,Switzerland
2023-10-01,1.704967,Switzerland
2023-11-01,1.701526,Switzerland
2023-12-01,1.695237,Switzerland
2024-01-01,1.698236,Switzerland
2024-02-01,1.697838,Switzerland
2024-03-01,1.464207,Switzerland
2024-04-01,1.444518,Switzerland
2024-05-01,1.450122,Switzerland
2024-06-01,1.215794,Switzerland
2024-07-01,1.21096,Switzerland
2024-08-01,1.217226,Switzerland
2024-09-01,0.957401,Switzerland
2024-10-01,0.949059,Switzerland
2000-01-01,3.25,Sweden
2000-02-01,3.75,Sweden
2000-03-01,3.75,Sweden
2000-04-01,3.75,Sweden
2000-05-01,3.75,Sweden
2000-06-01,3.75,Sweden
2000-07-01,3.75,Sweden
2000-08-01,3.75,Sweden
2000-09-01,3.75,Sweden
2000-10-01,3.75,Sweden
2000-11-01,3.75,Sweden
2000-12-01,4.0,Sweden
2001-01-01,4.0,Sweden
2001-02-01,4.0,Sweden
2001-03-01,4.0,Sweden
2001-04-01,4.0,Sweden
2001-05-01,4.0,Sweden
2001-06-01,4.0,Sweden
2001-07-01,4.25,Sweden
2001-08-01,4.25,Sweden
2001-09-01,3.75,Sweden
2001-10-01,3.75,Sweden
2001-11-01,3.75,Sweden
2001-12-01,3.75,Sweden
2002-01-01,3.75,Sweden
2002-02-01,3.75,Sweden
2002-03-01,4.0,Sweden
2002-04-01,4.0,Sweden
2002-05-01,4.25,Sweden
2002-06-01,4.25,Sweden
2002-07-01,4.25,Sweden
2002-08-01,4.25,Sweden
2002-09-01,4.25,Sweden
2002-10-01,4.25,Sweden
2002-11-01,4.0,Sweden
2002-12-01,3.75,Sweden
2003-01-01,3.75,Sweden
2003-02-01,3.75,Sweden
2003-03-01,3.5,Sweden
2003-04-01,3.5,Sweden
2003-05-01,3.5,Sweden
2003-06-01,3.0,Sweden
2003-07-01,2.75,Sweden
2003-08-01,2.75,Sweden
2003-09-01,2.75,Sweden
2003-10-01,2.75,Sweden
2003-11-01,2.75,Sweden
2003-12-01,2.75,Sweden
2004-01-01,2.75,Sweden
2004-02-01,2.5,Sweden
2004-03-01,2.5,Sweden
2004-04-01,2.0,Sweden
2004-05-01,2.0,Sweden
2004-06-01,2.0,Sweden
2004-07-01,2.0,Sweden
2004-08-01,2.0,Sweden
2004-09-01,2.0,Sweden
2004-10-01,2.0,Sweden
2004-11-01,2.0,Sweden
2004-12-01,2.0,Sweden
2005-01-01,2.0,Sweden
2005-02-01,2.0,Sweden
2005-03-01,2.0,Sweden
2005-04-01,2.0,Sweden
2005-05-01,2.0,Sweden
2005-06-01,1.5,Sweden
2005-07-01,1.5,Sweden
2005-08-01,1.5,Sweden
2005-09-01,1.5,Sweden
2005-10-01,1.5,Sweden
2005-11-01,1.5,Sweden
2005-12-01,1.5,Sweden
2006-01-01,1.75,Sweden
2006-02-01,1.75,Sweden
2006-03-01,2.0,Sweden
2006-04-01,2.0,Sweden
2006-05-01,2.0,Sweden
2006-06-01,2.25,Sweden
2006-07-01,2.25,Sweden
2006-08-01,2.25,Sweden
2006-09-01,2.5,Sweden
2006-10-01,2.5,Sweden
2006-11-01,2.75,Sweden
2006-12-01,3.0,Sweden
2007-01-01,3.0,Sweden
2007-02-01,3.25,Sweden
2007-03-01,3.25,Sweden
2007-04-01,3.25,Sweden
2007-05-01,3.25,Sweden
2007-06-01,3.5,Sweden
2007-07-01,3.5,Sweden
2007-08-01,3.5,Sweden
2007-09-01,3.75,Sweden
2007-10-01,4.0,Sweden
2007-11-01,4.0,Sweden
2007-12-01,4.0,Sweden
2008-01-01,4.0,Sweden
2008-02-01,4.25,Sweden
2008-03-01,4.25,Sweden
2008-04-01,4.25,Sweden
2008-05-01,4.25,Sweden
2008-06-01,4.25,Sweden
2008-07-01,4.5,Sweden
2008-08-01,4.5,Sweden
2008-09-01,4.75,Sweden
2008-10-01,3.75,Sweden
2008-11-01,3.75,Sweden
2008-12-01,2.0,Sweden
2009-01-01,2.0,Sweden
2009-02-01,1.0,Sweden
2009-03-01,1.0,Sweden
2009-04-01,0.5,Sweden
2009-05-01,0.5,Sweden
2009-06-01,0.5,Sweden
2009-07-01,0.25,Sweden
2009-08-01,0.25,Sweden
2009-09-01,0.25,Sweden
2009-10-01,0.25,Sweden
2009-11-01,0.25,Sweden
2009-12-01,0.25,Sweden
2010-01-01,0.25,Sweden
2010-02-01,0.25,Sweden
2010-03-01,0.25,Sweden
2010-04-01,0.25,Sweden
2010-05-01,0.25,Sweden
2010-06-01,0.25,Sweden
2010-07-01,0.5,Sweden
2010-08-01,0.5,Sweden
2010-09-01,0.75,Sweden
2010-10-01,1.0,Sweden
2010-11-01,1.0,Sweden
2010-12-01,1.25,Sweden
2011-01-01,1.25,Sweden
2011-02-01,1.5,Sweden
2011-03-01,1.5,Sweden
2011-04-01,1.75,Sweden
2011-05-01,1.75,Sweden
2011-06-01,1.75,Sweden
2011-07-01,2.0,Sweden
2011-08-01,2.0,Sweden
2011-09-01,2.0,Sweden
2011-10-01,2.0,Sweden
2011-11-01,2.0,Sweden
2011-12-01,1.75,Sweden
2012-01-01,1.75,Sweden
2012-02-01,1.5,Sweden
2012-03-01,1.5,Sweden
2012-04-01,1.5,Sweden
2012-05-01,1.5,Sweden
2012-06-01,1.5,Sweden
2012-07-01,1.5,Sweden
2012-08-01,1.5,Sweden
2012-09-01,1.25,Sweden
2012-10-01,1.25,Sweden
2012-11-01,1.25,Sweden
2012-12-01,1.0,Sweden
2013-01-01,1.0,Sweden
2013-02-01,1.0,Sweden
2013-03-01,1.0,Sweden
2013-04-01,1.0,Sweden
2013-05-01,1.0,Sweden
2013-06-01,1.0,Sweden
2013-07-01,1.0,Sweden
2013-08-01,1.0,Sweden
2013-09-01,1.0,Sweden
2013-10-01,1.0,Sweden
2013-11-01,1.0,Sweden
2013-12-01,0.75,Sweden
2014-01-01,0.75,Sweden
2014-02-01,0.75,Sweden
2014-03-01,0.75,Sweden
2014-04-01,0.75,Sweden
2014-05-01,0.75,Sweden
2014-06-01,0.75,Sweden
2014-07-01,0.25,Sweden
2014-08-01,0.25,Sweden
2014-09-01,0.25,Sweden
2014-10-01,0.0,Sweden
2014-11-01,0.0,Sweden
2014-12-01,0.0,Sweden
2015-01-01,0.0,Sweden
2015-02-01,-0.1,Sweden
2015-03-01,-0.25,Sweden
2015-04-01,-0.25,Sweden
2015-05-01,-0.25,Sweden
2015-06-01,-0.25,Sweden
2015-07-01,-0.35,Sweden
2015-08-01,-0.35,Sweden
2015-09-01,-0.35,Sweden
2015-10-01,-0.35,Sweden
2015-11-01,-0.35,Sweden
2015-12-01,-0.35,Sweden
2016-01-01,-0.35,Sweden
2016-02-01,-0.5,Sweden
2016-03-01,-0.5,Sweden
2016-04-01,-0.5,Sweden
2016-05-01,-0.5,Sweden
2016-06-01,-0.5,Sweden
2016-07-01,-0.5,Sweden
2016-08-01,-0.5,Sweden
2016-09-01,-0.5,Sweden
2016-10-01,-0.5,Sweden
2016-11-01,-0.5,Sweden
2016-12-01,-0.5,Sweden
2017-01-01,-0.5,Sweden
2017-02-01,-0.5,Sweden
2017-03-01,-0.5,Sweden
2017-04-01,-0.5,Sweden
2017-05-01,-0.5,Sweden
2017-06-01,-0.5,Sweden
2017-07-01,-0.5,Sweden
2017-08-01,-0.5,Sweden
2017-09-01,-0.5,Sweden
2017-10-01,-0.5,Sweden
2017-11-01,-0.5,Sweden
2017-12-01,-0.5,Sweden
2018-01-01,-0.5,Sweden
2018-02-01,-0.5,Sweden
2018-03-01,-0.5,Sweden
2018-04-01,-0.5,Sweden
2018-05-01,-0.5,Sweden
2018-06-01,-0.5,Sweden
2018-07-01,-0.5,Sweden
2018-08-01,-0.5,Sweden
2018-09-01,-0.5,Sweden
2018-10-01,-0.5,Sweden
2018-11-01,-0.5,Sweden
2018-12-01,-0.5,Sweden
2019-01-01,-0.25,Sweden
2019-02-01,-0.25,Sweden
2019-03-01,-0.25,Sweden
2019-04-01,-0.25,Sweden
2019-05-01,-0.25,Sweden
2019-06-01,-0.25,Sweden
2019-07-01,-0.25,Sweden
2019-08-01,-0.25,Sweden
2019-09-01,-0.25,Sweden
2019-10-01,-0.25,Sweden
2019-11-01,-0.25,Sweden
2019-12-01,-0.25,Sweden
2020-01-01,0.0,Sweden
2020-02-01,0.0,Sweden
2020-03-01,0.0,Sweden
2020-04-01,0.0,Sweden
2020-05-01,0.0,Sweden
2020-06-01,0.0,Sweden
2020-07-01,0.0,Sweden
2020-08-01,0.0,Sweden
2020-09-01,0.0,Sweden
2020-10-01,0.0,Sweden
2020-11-01,0.0,Sweden
2020-12-01,0.0,Sweden
2021-01-01,0.0,Sweden
2021-02-01,0.0,Sweden
2021-03-01,0.0,Sweden
2021-04-01,0.0,Sweden
2021-05-01,0.0,Sweden
2021-06-01,0.0,Sweden
2021-07-01,0.0,Sweden
2021-08-01,0.0,Sweden
2021-09-01,0.0,Sweden
2021-10-01,0.0,Sweden
2021-11-01,0.0,Sweden
2021-12-01,0.0,Sweden
2022-01-01,0.0,Sweden
2022-02-01,0.0,Sweden
2022-03-01,0.0,Sweden
2022-04-01,0.0,Sweden
2022-05-01,0.25,Sweden
2022-06-01,0.25,Sweden
2022-07-01,0.75,Sweden
2022-08-01,0.75,Sweden
2022-09-01,1.75,Sweden
2022-10-01,1.75,Sweden
2022-11-01,2.5,Sweden
2022-12-01,2.5,Sweden
2023-01-01,2.5,Sweden
2023-02-01,3.0,Sweden
2023-03-01,3.0,Sweden
2023-04-01,3.0,Sweden
2023-05-01,3.5,Sweden
2023-06-01,3.5,Sweden
2023-07-01,3.75,Sweden
2023-08-01,3.75,Sweden
2023-09-01,4.0,Sweden
2023-10-01,4.0,Sweden
2023-11-01,4.0,Sweden
2023-12-01,4.0,Sweden
2024-01-01,4.0,Sweden
2024-02-01,4.0,Sweden
2024-03-01,4.0,Sweden
2024-04-01,4.0,Sweden
2024-05-01,3.75,Sweden
2024-06-01,3.75,Sweden
2024-07-01,3.75,Sweden
2024-08-01,3.5,Sweden
2024-09-01,3.5,Sweden
2024-10-01,3.25,Sweden
